instance_class,instance_name,instance_directory,mps_path,std_path,data_path,mps_file_count,std_file_count,data_file_count,data_error,mnes_keys_present,mnes_success,oss_keys_present,oss_success,highs_mps_success,highs_std_success,cond_mnes,cond_oss,cycle_count_mnes,cycle_count_mnes_recomputed_from_split,cycle_count_oss,cycle_count_oss_recomputed_from_split,epsilon,qlsa_cycles_mnes,qlsa_cycles_oss,qlsa_fraction_of_total_mnes,qlsa_fraction_of_total_oss,qlsa_time_800ps_mnes_seconds,qlsa_time_800ps_oss_seconds,qlsa_time_800ps_over_highs_std_mnes,qlsa_time_800ps_over_highs_std_oss,runtime_glpk,runtime_highs_mps,runtime_highs_std,sparsity_mnes,sparsity_oss,std_m,std_n,tomography_factor_mnes,tomography_factor_oss,tomography_repetition_cycles_mnes,tomography_repetition_cycles_oss,tomography_repetition_fraction_of_total_mnes,tomography_repetition_fraction_of_total_oss,total_time_800ps_mnes_seconds,total_time_800ps_oss_seconds,total_time_800ps_over_highs_std_mnes,total_time_800ps_over_highs_std_oss
clique,C2000.5_clq,cache_dir/clique/C2000.5_clq,cache_dir/clique/C2000.5_clq/C2000.5_clq.mps,cache_dir/clique/C2000.5_clq/C2000.5_clq.std,cache_dir/clique/C2000.5_clq/C2000.5_clq.data,1,1,1,,False,False,False,False,True,True,,,,,,,,,,,,,,,,39.414006,1.345895758131519,4.906781313940883,,,,,,,,,,,,,,
clique,C2000.9_clq,cache_dir/clique/C2000.9_clq,cache_dir/clique/C2000.9_clq/C2000.9_clq.mps,cache_dir/clique/C2000.9_clq/C2000.9_clq.std,cache_dir/clique/C2000.9_clq/C2000.9_clq.data,1,1,1,,False,False,False,False,True,True,,,,,,,,,,,,,,,,34.282776,0.2743303971365094,1.094159193104133,,,,,,,,,,,,,,
clique,C4000.5_clq,cache_dir/clique/C4000.5_clq,cache_dir/clique/C4000.5_clq/C4000.5_clq.mps,cache_dir/clique/C4000.5_clq/C4000.5_clq.std,cache_dir/clique/C4000.5_clq/C4000.5_clq.data,1,1,1,,False,False,False,False,True,True,,,,,,,,,,,,,,,,52.102699,5.799100226024166,22.49155808496289,,,,,,,,,,,,,,
clique,DSJC1000.5_clq,cache_dir/clique/DSJC1000.5_clq,cache_dir/clique/DSJC1000.5_clq/DSJC1000.5_clq.mps,cache_dir/clique/DSJC1000.5_clq/DSJC1000.5_clq.std,cache_dir/clique/DSJC1000.5_clq/DSJC1000.5_clq.data,1,1,1,,False,False,False,False,True,True,,,,,,,,,,,,,,,,19.573553,0.31025975407101214,1.1818157760426402,,,,,,,,,,,,,,
clique,brock800_2_clq,cache_dir/clique/brock800_2_clq,cache_dir/clique/brock800_2_clq/brock800_2_clq.mps,cache_dir/clique/brock800_2_clq/brock800_2_clq.std,cache_dir/clique/brock800_2_clq/brock800_2_clq.data,1,1,1,,False,False,False,False,True,True,,,,,,,,,,,,,,,,7.346107,0.13647967809811234,0.5106782899238169,,,,,,,,,,,,,,
clique,brock800_4_clq,cache_dir/clique/brock800_4_clq,cache_dir/clique/brock800_4_clq/brock800_4_clq.mps,cache_dir/clique/brock800_4_clq/brock800_4_clq.std,cache_dir/clique/brock800_4_clq/brock800_4_clq.data,1,1,1,,False,False,False,False,True,True,,,,,,,,,,,,,,,,7.665486,0.13750152685679495,0.5140043669380248,,,,,,,,,,,,,,
clique,erdos_renyi_480_0.1.dimac_clq,cache_dir/clique/erdos_renyi_480_0.1.dimac_clq,cache_dir/clique/erdos_renyi_480_0.1.dimac_clq/erdos_renyi_480_0.1.dimac_clq.mps,cache_dir/clique/erdos_renyi_480_0.1.dimac_clq/erdos_renyi_480_0.1.dimac_clq.std,cache_dir/clique/erdos_renyi_480_0.1.dimac_clq/erdos_renyi_480_0.1.dimac_clq.data,1,1,1,,False,False,False,False,True,True,,,,,,,,,,,,,,,,3.546999,0.1256625489331782,0.4124511620029807,,,,,,,,,,,,,,
clique,erdos_renyi_490_0.1.dimac_clq,cache_dir/clique/erdos_renyi_490_0.1.dimac_clq,cache_dir/clique/erdos_renyi_490_0.1.dimac_clq/erdos_renyi_490_0.1.dimac_clq.mps,cache_dir/clique/erdos_renyi_490_0.1.dimac_clq/erdos_renyi_490_0.1.dimac_clq.std,cache_dir/clique/erdos_renyi_490_0.1.dimac_clq/erdos_renyi_490_0.1.dimac_clq.data,1,1,1,,False,False,False,False,True,True,,,,,,,,,,,,,,,,3.901497,0.12882423191331327,0.43814939889125526,,,,,,,,,,,,,,
clique,erdos_renyi_500_0.1.dimac_clq,cache_dir/clique/erdos_renyi_500_0.1.dimac_clq,cache_dir/clique/erdos_renyi_500_0.1.dimac_clq/erdos_renyi_500_0.1.dimac_clq.mps,cache_dir/clique/erdos_renyi_500_0.1.dimac_clq/erdos_renyi_500_0.1.dimac_clq.std,cache_dir/clique/erdos_renyi_500_0.1.dimac_clq/erdos_renyi_500_0.1.dimac_clq.data,1,1,1,,False,False,False,False,True,True,,,,,,,,,,,,,,,,5.626499,0.13663107505999506,0.4565777631942183,,,,,,,,,,,,,,
clique,erdos_renyi_500_0.2.dimac_clq,cache_dir/clique/erdos_renyi_500_0.2.dimac_clq,cache_dir/clique/erdos_renyi_500_0.2.dimac_clq/erdos_renyi_500_0.2.dimac_clq.mps,cache_dir/clique/erdos_renyi_500_0.2.dimac_clq/erdos_renyi_500_0.2.dimac_clq.std,cache_dir/clique/erdos_renyi_500_0.2.dimac_clq/erdos_renyi_500_0.2.dimac_clq.data,1,1,1,,False,False,False,False,True,True,,,,,,,,,,,,,,,,3.630062,0.11880261194892228,0.395931740058586,,,,,,,,,,,,,,
clique,erdos_renyi_510_0.1.dimac_clq,cache_dir/clique/erdos_renyi_510_0.1.dimac_clq,cache_dir/clique/erdos_renyi_510_0.1.dimac_clq/erdos_renyi_510_0.1.dimac_clq.mps,cache_dir/clique/erdos_renyi_510_0.1.dimac_clq/erdos_renyi_510_0.1.dimac_clq.std,cache_dir/clique/erdos_renyi_510_0.1.dimac_clq/erdos_renyi_510_0.1.dimac_clq.data,1,1,1,,False,False,False,False,True,True,,,,,,,,,,,,,,,,5.435509,0.1378129420336336,0.46992733608931303,,,,,,,,,,,,,,
clique,erdos_renyi_510_0.2.dimac_clq,cache_dir/clique/erdos_renyi_510_0.2.dimac_clq,cache_dir/clique/erdos_renyi_510_0.2.dimac_clq/erdos_renyi_510_0.2.dimac_clq.mps,cache_dir/clique/erdos_renyi_510_0.2.dimac_clq/erdos_renyi_510_0.2.dimac_clq.std,cache_dir/clique/erdos_renyi_510_0.2.dimac_clq/erdos_renyi_510_0.2.dimac_clq.data,1,1,1,,False,False,False,False,True,True,,,,,,,,,,,,,,,,5.052905,0.12438156199641526,0.4195727009791881,,,,,,,,,,,,,,
clique,erdos_renyi_520_0.1.dimac_clq,cache_dir/clique/erdos_renyi_520_0.1.dimac_clq,cache_dir/clique/erdos_renyi_520_0.1.dimac_clq/erdos_renyi_520_0.1.dimac_clq.mps,cache_dir/clique/erdos_renyi_520_0.1.dimac_clq/erdos_renyi_520_0.1.dimac_clq.std,cache_dir/clique/erdos_renyi_520_0.1.dimac_clq/erdos_renyi_520_0.1.dimac_clq.data,1,1,1,,False,False,False,False,True,True,,,,,,,,,,,,,,,,5.427815,0.1464860059786588,0.4928457820788026,,,,,,,,,,,,,,
clique,erdos_renyi_520_0.2.dimac_clq,cache_dir/clique/erdos_renyi_520_0.2.dimac_clq,cache_dir/clique/erdos_renyi_520_0.2.dimac_clq/erdos_renyi_520_0.2.dimac_clq.mps,cache_dir/clique/erdos_renyi_520_0.2.dimac_clq/erdos_renyi_520_0.2.dimac_clq.std,cache_dir/clique/erdos_renyi_520_0.2.dimac_clq/erdos_renyi_520_0.2.dimac_clq.data,1,1,1,,False,False,False,False,True,True,,,,,,,,,,,,,,,,4.037064,0.12845598603598773,0.4370514240581542,,,,,,,,,,,,,,
clique,erdos_renyi_530_0.1.dimac_clq,cache_dir/clique/erdos_renyi_530_0.1.dimac_clq,cache_dir/clique/erdos_renyi_530_0.1.dimac_clq/erdos_renyi_530_0.1.dimac_clq.mps,cache_dir/clique/erdos_renyi_530_0.1.dimac_clq/erdos_renyi_530_0.1.dimac_clq.std,cache_dir/clique/erdos_renyi_530_0.1.dimac_clq/erdos_renyi_530_0.1.dimac_clq.data,1,1,1,,False,False,False,False,True,True,,,,,,,,,,,,,,,,4.703922,0.15016597509384155,0.5099468489643186,,,,,,,,,,,,,,
clique,erdos_renyi_530_0.2.dimac_clq,cache_dir/clique/erdos_renyi_530_0.2.dimac_clq,cache_dir/clique/erdos_renyi_530_0.2.dimac_clq/erdos_renyi_530_0.2.dimac_clq.mps,cache_dir/clique/erdos_renyi_530_0.2.dimac_clq/erdos_renyi_530_0.2.dimac_clq.std,cache_dir/clique/erdos_renyi_530_0.2.dimac_clq/erdos_renyi_530_0.2.dimac_clq.data,1,1,1,,False,False,False,False,True,True,,,,,,,,,,,,,,,,6.231923,0.13517358107492328,0.4528525590430945,,,,,,,,,,,,,,
clique,erdos_renyi_540_0.1.dimac_clq,cache_dir/clique/erdos_renyi_540_0.1.dimac_clq,cache_dir/clique/erdos_renyi_540_0.1.dimac_clq/erdos_renyi_540_0.1.dimac_clq.mps,cache_dir/clique/erdos_renyi_540_0.1.dimac_clq/erdos_renyi_540_0.1.dimac_clq.std,cache_dir/clique/erdos_renyi_540_0.1.dimac_clq/erdos_renyi_540_0.1.dimac_clq.data,1,1,1,,False,False,False,False,True,True,,,,,,,,,,,,,,,,6.015218,0.15488168806768954,0.5272353470791131,,,,,,,,,,,,,,
clique,erdos_renyi_540_0.2.dimac_clq,cache_dir/clique/erdos_renyi_540_0.2.dimac_clq,cache_dir/clique/erdos_renyi_540_0.2.dimac_clq/erdos_renyi_540_0.2.dimac_clq.mps,cache_dir/clique/erdos_renyi_540_0.2.dimac_clq/erdos_renyi_540_0.2.dimac_clq.std,cache_dir/clique/erdos_renyi_540_0.2.dimac_clq/erdos_renyi_540_0.2.dimac_clq.data,1,1,1,,False,False,False,False,True,True,,,,,,,,,,,,,,,,5.91935,0.14132214291021228,0.4683444909751415,,,,,,,,,,,,,,
clique,erdos_renyi_540_0.3.dimac_clq,cache_dir/clique/erdos_renyi_540_0.3.dimac_clq,cache_dir/clique/erdos_renyi_540_0.3.dimac_clq/erdos_renyi_540_0.3.dimac_clq.mps,cache_dir/clique/erdos_renyi_540_0.3.dimac_clq/erdos_renyi_540_0.3.dimac_clq.std,cache_dir/clique/erdos_renyi_540_0.3.dimac_clq/erdos_renyi_540_0.3.dimac_clq.data,1,1,1,,False,False,False,False,True,True,,,,,,,,,,,,,,,,4.120569,0.12126483512111008,0.41423431201837957,,,,,,,,,,,,,,
clique,erdos_renyi_550_0.1.dimac_clq,cache_dir/clique/erdos_renyi_550_0.1.dimac_clq,cache_dir/clique/erdos_renyi_550_0.1.dimac_clq/erdos_renyi_550_0.1.dimac_clq.mps,cache_dir/clique/erdos_renyi_550_0.1.dimac_clq/erdos_renyi_550_0.1.dimac_clq.std,cache_dir/clique/erdos_renyi_550_0.1.dimac_clq/erdos_renyi_550_0.1.dimac_clq.data,1,1,1,,False,False,False,False,True,True,,,,,,,,,,,,,,,,7.193621,0.1641378509812057,0.5494183630216867,,,,,,,,,,,,,,
clique,erdos_renyi_550_0.2.dimac_clq,cache_dir/clique/erdos_renyi_550_0.2.dimac_clq,cache_dir/clique/erdos_renyi_550_0.2.dimac_clq/erdos_renyi_550_0.2.dimac_clq.mps,cache_dir/clique/erdos_renyi_550_0.2.dimac_clq/erdos_renyi_550_0.2.dimac_clq.std,cache_dir/clique/erdos_renyi_550_0.2.dimac_clq/erdos_renyi_550_0.2.dimac_clq.data,1,1,1,,False,False,False,False,True,True,,,,,,,,,,,,,,,,6.254683,0.14574141800403595,0.49296945915557444,,,,,,,,,,,,,,
clique,erdos_renyi_550_0.3.dimac_clq,cache_dir/clique/erdos_renyi_550_0.3.dimac_clq,cache_dir/clique/erdos_renyi_550_0.3.dimac_clq/erdos_renyi_550_0.3.dimac_clq.mps,cache_dir/clique/erdos_renyi_550_0.3.dimac_clq/erdos_renyi_550_0.3.dimac_clq.std,cache_dir/clique/erdos_renyi_550_0.3.dimac_clq/erdos_renyi_550_0.3.dimac_clq.data,1,1,1,,False,False,False,False,True,True,,,,,,,,,,,,,,,,4.362355,0.12917462503537536,0.43147460790351033,,,,,,,,,,,,,,
clique,erdos_renyi_560_0.1.dimac_clq,cache_dir/clique/erdos_renyi_560_0.1.dimac_clq,cache_dir/clique/erdos_renyi_560_0.1.dimac_clq/erdos_renyi_560_0.1.dimac_clq.mps,cache_dir/clique/erdos_renyi_560_0.1.dimac_clq/erdos_renyi_560_0.1.dimac_clq.std,cache_dir/clique/erdos_renyi_560_0.1.dimac_clq/erdos_renyi_560_0.1.dimac_clq.data,1,1,1,,False,False,False,False,True,True,,,,,,,,,,,,,,,,5.612478,0.16556424601003528,0.5770520018413663,,,,,,,,,,,,,,
clique,erdos_renyi_560_0.2.dimac_clq,cache_dir/clique/erdos_renyi_560_0.2.dimac_clq,cache_dir/clique/erdos_renyi_560_0.2.dimac_clq/erdos_renyi_560_0.2.dimac_clq.mps,cache_dir/clique/erdos_renyi_560_0.2.dimac_clq/erdos_renyi_560_0.2.dimac_clq.std,cache_dir/clique/erdos_renyi_560_0.2.dimac_clq/erdos_renyi_560_0.2.dimac_clq.data,1,1,1,,False,False,False,False,True,True,,,,,,,,,,,,,,,,7.059586,0.15043396782130003,0.5037495139986277,,,,,,,,,,,,,,
clique,erdos_renyi_560_0.3.dimac_clq,cache_dir/clique/erdos_renyi_560_0.3.dimac_clq,cache_dir/clique/erdos_renyi_560_0.3.dimac_clq/erdos_renyi_560_0.3.dimac_clq.mps,cache_dir/clique/erdos_renyi_560_0.3.dimac_clq/erdos_renyi_560_0.3.dimac_clq.std,cache_dir/clique/erdos_renyi_560_0.3.dimac_clq/erdos_renyi_560_0.3.dimac_clq.data,1,1,1,,False,False,False,False,True,True,,,,,,,,,,,,,,,,5.724794,0.13042854005470872,0.44246210996061563,,,,,,,,,,,,,,
clique,erdos_renyi_570_0.1.dimac_clq,cache_dir/clique/erdos_renyi_570_0.1.dimac_clq,cache_dir/clique/erdos_renyi_570_0.1.dimac_clq/erdos_renyi_570_0.1.dimac_clq.mps,cache_dir/clique/erdos_renyi_570_0.1.dimac_clq/erdos_renyi_570_0.1.dimac_clq.std,cache_dir/clique/erdos_renyi_570_0.1.dimac_clq/erdos_renyi_570_0.1.dimac_clq.data,1,1,1,,False,False,False,False,True,True,,,,,,,,,,,,,,,,5.948845,0.17453802796080709,0.602659092983231,,,,,,,,,,,,,,
clique,erdos_renyi_570_0.2.dimac_clq,cache_dir/clique/erdos_renyi_570_0.2.dimac_clq,cache_dir/clique/erdos_renyi_570_0.2.dimac_clq/erdos_renyi_570_0.2.dimac_clq.mps,cache_dir/clique/erdos_renyi_570_0.2.dimac_clq/erdos_renyi_570_0.2.dimac_clq.std,cache_dir/clique/erdos_renyi_570_0.2.dimac_clq/erdos_renyi_570_0.2.dimac_clq.data,1,1,1,,False,False,False,False,True,True,,,,,,,,,,,,,,,,6.923127,0.15677125193178654,0.5255323110613972,,,,,,,,,,,,,,
clique,erdos_renyi_570_0.3.dimac_clq,cache_dir/clique/erdos_renyi_570_0.3.dimac_clq,cache_dir/clique/erdos_renyi_570_0.3.dimac_clq/erdos_renyi_570_0.3.dimac_clq.mps,cache_dir/clique/erdos_renyi_570_0.3.dimac_clq/erdos_renyi_570_0.3.dimac_clq.std,cache_dir/clique/erdos_renyi_570_0.3.dimac_clq/erdos_renyi_570_0.3.dimac_clq.data,1,1,1,,False,False,False,False,True,True,,,,,,,,,,,,,,,,6.403012,0.13611980504356325,0.4564529340714216,,,,,,,,,,,,,,
clique,erdos_renyi_580_0.1.dimac_clq,cache_dir/clique/erdos_renyi_580_0.1.dimac_clq,cache_dir/clique/erdos_renyi_580_0.1.dimac_clq/erdos_renyi_580_0.1.dimac_clq.mps,cache_dir/clique/erdos_renyi_580_0.1.dimac_clq/erdos_renyi_580_0.1.dimac_clq.std,cache_dir/clique/erdos_renyi_580_0.1.dimac_clq/erdos_renyi_580_0.1.dimac_clq.data,1,1,1,,False,False,False,False,True,True,,,,,,,,,,,,,,,,7.861854,0.17974260007031262,0.6288870458956808,,,,,,,,,,,,,,
clique,erdos_renyi_580_0.2.dimac_clq,cache_dir/clique/erdos_renyi_580_0.2.dimac_clq,cache_dir/clique/erdos_renyi_580_0.2.dimac_clq/erdos_renyi_580_0.2.dimac_clq.mps,cache_dir/clique/erdos_renyi_580_0.2.dimac_clq/erdos_renyi_580_0.2.dimac_clq.std,cache_dir/clique/erdos_renyi_580_0.2.dimac_clq/erdos_renyi_580_0.2.dimac_clq.data,1,1,1,,False,False,False,False,True,True,,,,,,,,,,,,,,,,8.003735,0.16228488693013787,0.5465616839937866,,,,,,,,,,,,,,
clique,erdos_renyi_580_0.3.dimac_clq,cache_dir/clique/erdos_renyi_580_0.3.dimac_clq,cache_dir/clique/erdos_renyi_580_0.3.dimac_clq/erdos_renyi_580_0.3.dimac_clq.mps,cache_dir/clique/erdos_renyi_580_0.3.dimac_clq/erdos_renyi_580_0.3.dimac_clq.std,cache_dir/clique/erdos_renyi_580_0.3.dimac_clq/erdos_renyi_580_0.3.dimac_clq.data,1,1,1,,False,False,False,False,True,True,,,,,,,,,,,,,,,,6.429048,0.14181939605623484,0.4800672030542046,,,,,,,,,,,,,,
clique,erdos_renyi_580_0.4.dimac_clq,cache_dir/clique/erdos_renyi_580_0.4.dimac_clq,cache_dir/clique/erdos_renyi_580_0.4.dimac_clq/erdos_renyi_580_0.4.dimac_clq.mps,cache_dir/clique/erdos_renyi_580_0.4.dimac_clq/erdos_renyi_580_0.4.dimac_clq.std,cache_dir/clique/erdos_renyi_580_0.4.dimac_clq/erdos_renyi_580_0.4.dimac_clq.data,1,1,1,,False,False,False,False,True,True,,,,,,,,,,,,,,,,4.645934,0.11977266287431121,0.401761009125039,,,,,,,,,,,,,,
clique,erdos_renyi_590_0.1.dimac_clq,cache_dir/clique/erdos_renyi_590_0.1.dimac_clq,cache_dir/clique/erdos_renyi_590_0.1.dimac_clq/erdos_renyi_590_0.1.dimac_clq.mps,cache_dir/clique/erdos_renyi_590_0.1.dimac_clq/erdos_renyi_590_0.1.dimac_clq.std,cache_dir/clique/erdos_renyi_590_0.1.dimac_clq/erdos_renyi_590_0.1.dimac_clq.data,1,1,1,,False,False,False,False,True,True,,,,,,,,,,,,,,,,6.578707,0.18389033409766853,0.6507373529020697,,,,,,,,,,,,,,
clique,erdos_renyi_590_0.2.dimac_clq,cache_dir/clique/erdos_renyi_590_0.2.dimac_clq,cache_dir/clique/erdos_renyi_590_0.2.dimac_clq/erdos_renyi_590_0.2.dimac_clq.mps,cache_dir/clique/erdos_renyi_590_0.2.dimac_clq/erdos_renyi_590_0.2.dimac_clq.std,cache_dir/clique/erdos_renyi_590_0.2.dimac_clq/erdos_renyi_590_0.2.dimac_clq.data,1,1,1,,False,False,False,False,True,True,,,,,,,,,,,,,,,,6.043751,0.16441432107239962,0.5654136301018298,,,,,,,,,,,,,,
clique,erdos_renyi_590_0.3.dimac_clq,cache_dir/clique/erdos_renyi_590_0.3.dimac_clq,cache_dir/clique/erdos_renyi_590_0.3.dimac_clq/erdos_renyi_590_0.3.dimac_clq.mps,cache_dir/clique/erdos_renyi_590_0.3.dimac_clq/erdos_renyi_590_0.3.dimac_clq.std,cache_dir/clique/erdos_renyi_590_0.3.dimac_clq/erdos_renyi_590_0.3.dimac_clq.data,1,1,1,,False,False,False,False,True,True,,,,,,,,,,,,,,,,6.327512,0.1458402678836137,0.5033479330595583,,,,,,,,,,,,,,
clique,erdos_renyi_590_0.4.dimac_clq,cache_dir/clique/erdos_renyi_590_0.4.dimac_clq,cache_dir/clique/erdos_renyi_590_0.4.dimac_clq/erdos_renyi_590_0.4.dimac_clq.mps,cache_dir/clique/erdos_renyi_590_0.4.dimac_clq/erdos_renyi_590_0.4.dimac_clq.std,cache_dir/clique/erdos_renyi_590_0.4.dimac_clq/erdos_renyi_590_0.4.dimac_clq.data,1,1,1,,False,False,False,False,True,True,,,,,,,,,,,,,,,,6.213997,0.125211033038795,0.42846677801571786,,,,,,,,,,,,,,
clique,keller6_clq,cache_dir/clique/keller6_clq,cache_dir/clique/keller6_clq/keller6_clq.mps,cache_dir/clique/keller6_clq/keller6_clq.std,cache_dir/clique/keller6_clq/keller6_clq.data,1,1,1,,False,False,False,False,True,True,,,,,,,,,,,,,,,,41.714068,1.4222760209813714,4.75277436315082,,,,,,,,,,,,,,
clique,p_hat1500-1_clq,cache_dir/clique/p_hat1500-1_clq,cache_dir/clique/p_hat1500-1_clq/p_hat1500-1_clq.mps,cache_dir/clique/p_hat1500-1_clq/p_hat1500-1_clq.std,cache_dir/clique/p_hat1500-1_clq/p_hat1500-1_clq.data,1,1,1,,False,False,False,False,True,True,,,,,,,,,,,,,,,,35.05258,1.058721852954477,3.8091338030062616,,,,,,,,,,,,,,
clique,p_hat1500-2_clq,cache_dir/clique/p_hat1500-2_clq,cache_dir/clique/p_hat1500-2_clq/p_hat1500-2_clq.mps,cache_dir/clique/p_hat1500-2_clq/p_hat1500-2_clq.std,cache_dir/clique/p_hat1500-2_clq/p_hat1500-2_clq.data,1,1,1,,False,False,False,False,True,True,,,,,,,,,,,,,,,,38.953401,0.6994960471056402,2.7029586699791253,,,,,,,,,,,,,,
clique,p_hat1500-3_clq,cache_dir/clique/p_hat1500-3_clq,cache_dir/clique/p_hat1500-3_clq/p_hat1500-3_clq.mps,cache_dir/clique/p_hat1500-3_clq/p_hat1500-3_clq.std,cache_dir/clique/p_hat1500-3_clq/p_hat1500-3_clq.data,1,1,1,,False,False,False,False,True,True,,,,,,,,,,,,,,,,32.092055,0.35247099096886814,1.4274802620057017,,,,,,,,,,,,,,
clique,p_hat700-1_clq,cache_dir/clique/p_hat700-1_clq,cache_dir/clique/p_hat700-1_clq/p_hat700-1_clq.mps,cache_dir/clique/p_hat700-1_clq/p_hat700-1_clq.std,cache_dir/clique/p_hat700-1_clq/p_hat700-1_clq.data,1,1,1,,False,False,False,False,True,True,,,,,,,,,,,,,,,,9.40171,0.22422707313671708,0.8122724599670619,,,,,,,,,,,,,,
clique,p_hat700-2_clq,cache_dir/clique/p_hat700-2_clq,cache_dir/clique/p_hat700-2_clq/p_hat700-2_clq.mps,cache_dir/clique/p_hat700-2_clq/p_hat700-2_clq.std,cache_dir/clique/p_hat700-2_clq/p_hat700-2_clq.data,1,1,1,,False,False,False,False,True,True,,,,,,,,,,,,,,,,6.712735,0.1503625689074397,0.5497316149994731,,,,,,,,,,,,,,
gaslib,GasLib-2607-v1-20240708_scn0_oa10,cache_dir/gaslib/GasLib-2607-v1-20240708_scn0_oa10,cache_dir/gaslib/GasLib-2607-v1-20240708_scn0_oa10/GasLib-2607-v1-20240708_scn0_oa10.mps,cache_dir/gaslib/GasLib-2607-v1-20240708_scn0_oa10/GasLib-2607-v1-20240708_scn0_oa10.std,cache_dir/gaslib/GasLib-2607-v1-20240708_scn0_oa10/GasLib-2607-v1-20240708_scn0_oa10.data,1,1,1,,True,False,True,False,True,True,,,,,,,0.1,,,,,,,,,,0.26003482891246676,1.598546446999535,,,59644,65685,,,,,,,,,,
gaslib,GasLib-4197-v1-20220119_scn0_oa10,cache_dir/gaslib/GasLib-4197-v1-20220119_scn0_oa10,cache_dir/gaslib/GasLib-4197-v1-20220119_scn0_oa10/GasLib-4197-v1-20220119_scn0_oa10.mps,cache_dir/gaslib/GasLib-4197-v1-20220119_scn0_oa10/GasLib-4197-v1-20220119_scn0_oa10.std,cache_dir/gaslib/GasLib-4197-v1-20220119_scn0_oa10/GasLib-4197-v1-20220119_scn0_oa10.data,1,1,1,,False,False,False,False,True,True,,,,,,,,,,,,,,,,,0.6536236789543182,2.659353950060904,,,,,,,,,,,,,,
gaslib,GasLib-582-v2-20211129_scn0_oa10,cache_dir/gaslib/GasLib-582-v2-20211129_scn0_oa10,cache_dir/gaslib/GasLib-582-v2-20211129_scn0_oa10/GasLib-582-v2-20211129_scn0_oa10.mps,cache_dir/gaslib/GasLib-582-v2-20211129_scn0_oa10/GasLib-582-v2-20211129_scn0_oa10.std,cache_dir/gaslib/GasLib-582-v2-20211129_scn0_oa10/GasLib-582-v2-20211129_scn0_oa10.data,1,1,1,,True,False,True,False,True,True,,,,,,,0.1,,,,,,,,,,0.034224298084154725,0.12038085679523647,,,10031,10991,,,,,,,,,,
independent_set,C1000.9_is,cache_dir/independent_set/C1000.9_is,cache_dir/independent_set/C1000.9_is/C1000.9_is.mps,cache_dir/independent_set/C1000.9_is/C1000.9_is.std,cache_dir/independent_set/C1000.9_is/C1000.9_is.data,1,1,1,,False,False,False,False,True,True,,,,,,,,,,,,,,,,27.769802,0.6567945298738778,1.925945223076269,,,,,,,,,,,,,,
independent_set,C2000.5_is,cache_dir/independent_set/C2000.5_is,cache_dir/independent_set/C2000.5_is/C2000.5_is.mps,cache_dir/independent_set/C2000.5_is/C2000.5_is.std,cache_dir/independent_set/C2000.5_is/C2000.5_is.data,1,1,1,,False,False,False,False,True,True,,,,,,,,,,,,,,,,35.82047,1.4781579559203237,4.858030412811786,,,,,,,,,,,,,,
independent_set,C2000.9_is,cache_dir/independent_set/C2000.9_is,cache_dir/independent_set/C2000.9_is/C2000.9_is.mps,cache_dir/independent_set/C2000.9_is/C2000.9_is.std,cache_dir/independent_set/C2000.9_is/C2000.9_is.data,1,1,1,,False,False,False,False,True,True,,,,,,,,,,,,,,,,38.787392,2.695752178085968,8.05301830591634,,,,,,,,,,,,,,
independent_set,C4000.5_is,cache_dir/independent_set/C4000.5_is,cache_dir/independent_set/C4000.5_is/C4000.5_is.mps,cache_dir/independent_set/C4000.5_is/C4000.5_is.std,cache_dir/independent_set/C4000.5_is/C4000.5_is.data,1,1,1,,False,False,False,False,True,True,,,,,,,,,,,,,,,,52.571908,5.998894372023642,22.43455914617516,,,,,,,,,,,,,,
independent_set,C500.9_is,cache_dir/independent_set/C500.9_is,cache_dir/independent_set/C500.9_is/C500.9_is.mps,cache_dir/independent_set/C500.9_is/C500.9_is.std,cache_dir/independent_set/C500.9_is/C500.9_is.data,1,1,1,,False,False,False,False,True,True,,,,,,,,,,,,,,,,4.062293,0.15412603807635605,0.4691921218764037,,,,,,,,,,,,,,
independent_set,DSJC1000.5_is,cache_dir/independent_set/DSJC1000.5_is,cache_dir/independent_set/DSJC1000.5_is/DSJC1000.5_is.mps,cache_dir/independent_set/DSJC1000.5_is/DSJC1000.5_is.std,cache_dir/independent_set/DSJC1000.5_is/DSJC1000.5_is.data,1,1,1,,False,False,False,False,True,True,,,,,,,,,,,,,,,,19.644931,0.3610661760903895,1.1911128358915448,,,,,,,,,,,,,,
independent_set,MANN_a45_is,cache_dir/independent_set/MANN_a45_is,cache_dir/independent_set/MANN_a45_is/MANN_a45_is.mps,cache_dir/independent_set/MANN_a45_is/MANN_a45_is.std,cache_dir/independent_set/MANN_a45_is/MANN_a45_is.data,1,1,1,,False,False,False,False,True,True,,,,,,,,,,,,,,,,31.512875,0.7565215858630836,2.196651797974482,,,,,,,,,,,,,,
independent_set,MANN_a81_is,cache_dir/independent_set/MANN_a81_is,cache_dir/independent_set/MANN_a81_is/MANN_a81_is.mps,cache_dir/independent_set/MANN_a81_is/MANN_a81_is.std,cache_dir/independent_set/MANN_a81_is/MANN_a81_is.data,1,1,1,,False,False,False,False,True,True,,,,,,,,,,,,,,,,51.083089,8.991266072029248,25.905888053122908,,,,,,,,,,,,,,
independent_set,brock800_2_is,cache_dir/independent_set/brock800_2_is,cache_dir/independent_set/brock800_2_is/brock800_2_is.mps,cache_dir/independent_set/brock800_2_is/brock800_2_is.std,cache_dir/independent_set/brock800_2_is/brock800_2_is.data,1,1,1,,False,False,False,False,True,True,,,,,,,,,,,,,,,,12.790333,0.2920564829837531,0.9389902199618518,,,,,,,,,,,,,,
independent_set,brock800_4_is,cache_dir/independent_set/brock800_4_is,cache_dir/independent_set/brock800_4_is/brock800_4_is.mps,cache_dir/independent_set/brock800_4_is/brock800_4_is.std,cache_dir/independent_set/brock800_4_is/brock800_4_is.data,1,1,1,,False,False,False,False,True,True,,,,,,,,,,,,,,,,13.158527,0.2942577439825982,0.9299779259599745,,,,,,,,,,,,,,
independent_set,erdos_renyi_450_1.0.dimac_is,cache_dir/independent_set/erdos_renyi_450_1.0.dimac_is,cache_dir/independent_set/erdos_renyi_450_1.0.dimac_is/erdos_renyi_450_1.0.dimac_is.mps,cache_dir/independent_set/erdos_renyi_450_1.0.dimac_is/erdos_renyi_450_1.0.dimac_is.std,cache_dir/independent_set/erdos_renyi_450_1.0.dimac_is/erdos_renyi_450_1.0.dimac_is.data,1,1,1,,False,False,False,False,True,True,,,,,,,,,,,,,,,,4.029504,0.1356145201716572,0.3992440071888268,,,,,,,,,,,,,,
independent_set,erdos_renyi_460_1.0.dimac_is,cache_dir/independent_set/erdos_renyi_460_1.0.dimac_is,cache_dir/independent_set/erdos_renyi_460_1.0.dimac_is/erdos_renyi_460_1.0.dimac_is.mps,cache_dir/independent_set/erdos_renyi_460_1.0.dimac_is/erdos_renyi_460_1.0.dimac_is.std,cache_dir/independent_set/erdos_renyi_460_1.0.dimac_is/erdos_renyi_460_1.0.dimac_is.data,1,1,1,,False,False,False,False,True,True,,,,,,,,,,,,,,,,4.436717,0.14108841097913682,0.41387052717618644,,,,,,,,,,,,,,
independent_set,erdos_renyi_470_1.0.dimac_is,cache_dir/independent_set/erdos_renyi_470_1.0.dimac_is,cache_dir/independent_set/erdos_renyi_470_1.0.dimac_is/erdos_renyi_470_1.0.dimac_is.mps,cache_dir/independent_set/erdos_renyi_470_1.0.dimac_is/erdos_renyi_470_1.0.dimac_is.std,cache_dir/independent_set/erdos_renyi_470_1.0.dimac_is/erdos_renyi_470_1.0.dimac_is.data,1,1,1,,False,False,False,False,True,True,,,,,,,,,,,,,,,,3.537419,0.1494027148000896,0.4393138289451599,,,,,,,,,,,,,,
independent_set,erdos_renyi_480_0.9.dimac_is,cache_dir/independent_set/erdos_renyi_480_0.9.dimac_is,cache_dir/independent_set/erdos_renyi_480_0.9.dimac_is/erdos_renyi_480_0.9.dimac_is.mps,cache_dir/independent_set/erdos_renyi_480_0.9.dimac_is/erdos_renyi_480_0.9.dimac_is.std,cache_dir/independent_set/erdos_renyi_480_0.9.dimac_is/erdos_renyi_480_0.9.dimac_is.data,1,1,1,,False,False,False,False,True,True,,,,,,,,,,,,,,,,4.36975,0.14200878399424255,0.42575715691782534,,,,,,,,,,,,,,
independent_set,erdos_renyi_480_1.0.dimac_is,cache_dir/independent_set/erdos_renyi_480_1.0.dimac_is,cache_dir/independent_set/erdos_renyi_480_1.0.dimac_is/erdos_renyi_480_1.0.dimac_is.mps,cache_dir/independent_set/erdos_renyi_480_1.0.dimac_is/erdos_renyi_480_1.0.dimac_is.std,cache_dir/independent_set/erdos_renyi_480_1.0.dimac_is/erdos_renyi_480_1.0.dimac_is.data,1,1,1,,False,False,False,False,True,True,,,,,,,,,,,,,,,,5.078729,0.1563241290859878,0.46126503706909716,,,,,,,,,,,,,,
independent_set,erdos_renyi_490_0.9.dimac_is,cache_dir/independent_set/erdos_renyi_490_0.9.dimac_is,cache_dir/independent_set/erdos_renyi_490_0.9.dimac_is/erdos_renyi_490_0.9.dimac_is.mps,cache_dir/independent_set/erdos_renyi_490_0.9.dimac_is/erdos_renyi_490_0.9.dimac_is.std,cache_dir/independent_set/erdos_renyi_490_0.9.dimac_is/erdos_renyi_490_0.9.dimac_is.data,1,1,1,,False,False,False,False,True,True,,,,,,,,,,,,,,,,3.707974,0.14604716398753226,0.4429771099239588,,,,,,,,,,,,,,
independent_set,erdos_renyi_490_1.0.dimac_is,cache_dir/independent_set/erdos_renyi_490_1.0.dimac_is,cache_dir/independent_set/erdos_renyi_490_1.0.dimac_is/erdos_renyi_490_1.0.dimac_is.mps,cache_dir/independent_set/erdos_renyi_490_1.0.dimac_is/erdos_renyi_490_1.0.dimac_is.std,cache_dir/independent_set/erdos_renyi_490_1.0.dimac_is/erdos_renyi_490_1.0.dimac_is.data,1,1,1,,False,False,False,False,True,True,,,,,,,,,,,,,,,,5.214969,0.16128830309025943,0.47757206903770566,,,,,,,,,,,,,,
independent_set,erdos_renyi_500_0.8.dimac_is,cache_dir/independent_set/erdos_renyi_500_0.8.dimac_is,cache_dir/independent_set/erdos_renyi_500_0.8.dimac_is/erdos_renyi_500_0.8.dimac_is.mps,cache_dir/independent_set/erdos_renyi_500_0.8.dimac_is/erdos_renyi_500_0.8.dimac_is.std,cache_dir/independent_set/erdos_renyi_500_0.8.dimac_is/erdos_renyi_500_0.8.dimac_is.data,1,1,1,,False,False,False,False,True,True,,,,,,,,,,,,,,,,3.701349,0.13467014022171497,0.414224045118317,,,,,,,,,,,,,,
independent_set,erdos_renyi_500_0.9.dimac_is,cache_dir/independent_set/erdos_renyi_500_0.9.dimac_is,cache_dir/independent_set/erdos_renyi_500_0.9.dimac_is/erdos_renyi_500_0.9.dimac_is.mps,cache_dir/independent_set/erdos_renyi_500_0.9.dimac_is/erdos_renyi_500_0.9.dimac_is.std,cache_dir/independent_set/erdos_renyi_500_0.9.dimac_is/erdos_renyi_500_0.9.dimac_is.data,1,1,1,,False,False,False,False,True,True,,,,,,,,,,,,,,,,4.929314,0.15518745104782283,0.46355012618005276,,,,,,,,,,,,,,
independent_set,erdos_renyi_500_1.0.dimac_is,cache_dir/independent_set/erdos_renyi_500_1.0.dimac_is,cache_dir/independent_set/erdos_renyi_500_1.0.dimac_is/erdos_renyi_500_1.0.dimac_is.mps,cache_dir/independent_set/erdos_renyi_500_1.0.dimac_is/erdos_renyi_500_1.0.dimac_is.std,cache_dir/independent_set/erdos_renyi_500_1.0.dimac_is/erdos_renyi_500_1.0.dimac_is.data,1,1,1,,False,False,False,False,True,True,,,,,,,,,,,,,,,,4.236069,0.17042845906689763,0.5003834159579128,,,,,,,,,,,,,,
independent_set,erdos_renyi_510_0.8.dimac_is,cache_dir/independent_set/erdos_renyi_510_0.8.dimac_is,cache_dir/independent_set/erdos_renyi_510_0.8.dimac_is/erdos_renyi_510_0.8.dimac_is.mps,cache_dir/independent_set/erdos_renyi_510_0.8.dimac_is/erdos_renyi_510_0.8.dimac_is.std,cache_dir/independent_set/erdos_renyi_510_0.8.dimac_is/erdos_renyi_510_0.8.dimac_is.data,1,1,1,,False,False,False,False,True,True,,,,,,,,,,,,,,,,5.643418,0.1448385079856962,0.4289901740849018,,,,,,,,,,,,,,
independent_set,erdos_renyi_510_0.9.dimac_is,cache_dir/independent_set/erdos_renyi_510_0.9.dimac_is,cache_dir/independent_set/erdos_renyi_510_0.9.dimac_is/erdos_renyi_510_0.9.dimac_is.mps,cache_dir/independent_set/erdos_renyi_510_0.9.dimac_is/erdos_renyi_510_0.9.dimac_is.std,cache_dir/independent_set/erdos_renyi_510_0.9.dimac_is/erdos_renyi_510_0.9.dimac_is.data,1,1,1,,False,False,False,False,True,True,,,,,,,,,,,,,,,,5.17444,0.1656021811068058,0.48243939713574946,,,,,,,,,,,,,,
independent_set,erdos_renyi_510_1.0.dimac_is,cache_dir/independent_set/erdos_renyi_510_1.0.dimac_is,cache_dir/independent_set/erdos_renyi_510_1.0.dimac_is/erdos_renyi_510_1.0.dimac_is.mps,cache_dir/independent_set/erdos_renyi_510_1.0.dimac_is/erdos_renyi_510_1.0.dimac_is.std,cache_dir/independent_set/erdos_renyi_510_1.0.dimac_is/erdos_renyi_510_1.0.dimac_is.data,1,1,1,,False,False,False,False,True,True,,,,,,,,,,,,,,,,4.442628,0.17827712185680866,0.517700273077935,,,,,,,,,,,,,,
independent_set,erdos_renyi_520_0.8.dimac_is,cache_dir/independent_set/erdos_renyi_520_0.8.dimac_is,cache_dir/independent_set/erdos_renyi_520_0.8.dimac_is/erdos_renyi_520_0.8.dimac_is.mps,cache_dir/independent_set/erdos_renyi_520_0.8.dimac_is/erdos_renyi_520_0.8.dimac_is.std,cache_dir/independent_set/erdos_renyi_520_0.8.dimac_is/erdos_renyi_520_0.8.dimac_is.data,1,1,1,,False,False,False,False,True,True,,,,,,,,,,,,,,,,5.24256,0.14858298399485648,0.4517180409748107,,,,,,,,,,,,,,
independent_set,erdos_renyi_520_0.9.dimac_is,cache_dir/independent_set/erdos_renyi_520_0.9.dimac_is,cache_dir/independent_set/erdos_renyi_520_0.9.dimac_is/erdos_renyi_520_0.9.dimac_is.mps,cache_dir/independent_set/erdos_renyi_520_0.9.dimac_is/erdos_renyi_520_0.9.dimac_is.std,cache_dir/independent_set/erdos_renyi_520_0.9.dimac_is/erdos_renyi_520_0.9.dimac_is.data,1,1,1,,False,False,False,False,True,True,,,,,,,,,,,,,,,,4.386715,0.1716045041102916,0.5036402579862624,,,,,,,,,,,,,,
independent_set,erdos_renyi_520_1.0.dimac_is,cache_dir/independent_set/erdos_renyi_520_1.0.dimac_is,cache_dir/independent_set/erdos_renyi_520_1.0.dimac_is/erdos_renyi_520_1.0.dimac_is.mps,cache_dir/independent_set/erdos_renyi_520_1.0.dimac_is/erdos_renyi_520_1.0.dimac_is.std,cache_dir/independent_set/erdos_renyi_520_1.0.dimac_is/erdos_renyi_520_1.0.dimac_is.data,1,1,1,,False,False,False,False,True,True,,,,,,,,,,,,,,,,5.867762,0.18083984311670065,0.541888349223882,,,,,,,,,,,,,,
independent_set,erdos_renyi_530_0.8.dimac_is,cache_dir/independent_set/erdos_renyi_530_0.8.dimac_is,cache_dir/independent_set/erdos_renyi_530_0.8.dimac_is/erdos_renyi_530_0.8.dimac_is.mps,cache_dir/independent_set/erdos_renyi_530_0.8.dimac_is/erdos_renyi_530_0.8.dimac_is.std,cache_dir/independent_set/erdos_renyi_530_0.8.dimac_is/erdos_renyi_530_0.8.dimac_is.data,1,1,1,,False,False,False,False,True,True,,,,,,,,,,,,,,,,4.365249,0.1567300371825695,0.4732825360260904,,,,,,,,,,,,,,
independent_set,erdos_renyi_530_0.9.dimac_is,cache_dir/independent_set/erdos_renyi_530_0.9.dimac_is,cache_dir/independent_set/erdos_renyi_530_0.9.dimac_is/erdos_renyi_530_0.9.dimac_is.mps,cache_dir/independent_set/erdos_renyi_530_0.9.dimac_is/erdos_renyi_530_0.9.dimac_is.std,cache_dir/independent_set/erdos_renyi_530_0.9.dimac_is/erdos_renyi_530_0.9.dimac_is.data,1,1,1,,False,False,False,False,True,True,,,,,,,,,,,,,,,,4.697166,0.1756331780925393,0.524097632849589,,,,,,,,,,,,,,
independent_set,erdos_renyi_530_1.0.dimac_is,cache_dir/independent_set/erdos_renyi_530_1.0.dimac_is,cache_dir/independent_set/erdos_renyi_530_1.0.dimac_is/erdos_renyi_530_1.0.dimac_is.mps,cache_dir/independent_set/erdos_renyi_530_1.0.dimac_is/erdos_renyi_530_1.0.dimac_is.std,cache_dir/independent_set/erdos_renyi_530_1.0.dimac_is/erdos_renyi_530_1.0.dimac_is.data,1,1,1,,False,False,False,False,True,True,,,,,,,,,,,,,,,,6.155192,0.19311607000418007,0.568669555010274,,,,,,,,,,,,,,
independent_set,erdos_renyi_540_0.7.dimac_is,cache_dir/independent_set/erdos_renyi_540_0.7.dimac_is,cache_dir/independent_set/erdos_renyi_540_0.7.dimac_is/erdos_renyi_540_0.7.dimac_is.mps,cache_dir/independent_set/erdos_renyi_540_0.7.dimac_is/erdos_renyi_540_0.7.dimac_is.std,cache_dir/independent_set/erdos_renyi_540_0.7.dimac_is/erdos_renyi_540_0.7.dimac_is.data,1,1,1,,False,False,False,False,True,True,,,,,,,,,,,,,,,,4.113619,0.13832121598534286,0.4290345190092921,,,,,,,,,,,,,,
independent_set,erdos_renyi_540_0.8.dimac_is,cache_dir/independent_set/erdos_renyi_540_0.8.dimac_is,cache_dir/independent_set/erdos_renyi_540_0.8.dimac_is/erdos_renyi_540_0.8.dimac_is.mps,cache_dir/independent_set/erdos_renyi_540_0.8.dimac_is/erdos_renyi_540_0.8.dimac_is.std,cache_dir/independent_set/erdos_renyi_540_0.8.dimac_is/erdos_renyi_540_0.8.dimac_is.data,1,1,1,,False,False,False,False,True,True,,,,,,,,,,,,,,,,4.633368,0.15799891715869308,0.4943448749836534,,,,,,,,,,,,,,
independent_set,erdos_renyi_540_0.9.dimac_is,cache_dir/independent_set/erdos_renyi_540_0.9.dimac_is,cache_dir/independent_set/erdos_renyi_540_0.9.dimac_is/erdos_renyi_540_0.9.dimac_is.mps,cache_dir/independent_set/erdos_renyi_540_0.9.dimac_is/erdos_renyi_540_0.9.dimac_is.std,cache_dir/independent_set/erdos_renyi_540_0.9.dimac_is/erdos_renyi_540_0.9.dimac_is.data,1,1,1,,False,False,False,False,True,True,,,,,,,,,,,,,,,,4.91897,0.18163314298726618,0.5421755551360548,,,,,,,,,,,,,,
independent_set,erdos_renyi_540_1.0.dimac_is,cache_dir/independent_set/erdos_renyi_540_1.0.dimac_is,cache_dir/independent_set/erdos_renyi_540_1.0.dimac_is/erdos_renyi_540_1.0.dimac_is.mps,cache_dir/independent_set/erdos_renyi_540_1.0.dimac_is/erdos_renyi_540_1.0.dimac_is.std,cache_dir/independent_set/erdos_renyi_540_1.0.dimac_is/erdos_renyi_540_1.0.dimac_is.data,1,1,1,,False,False,False,False,True,True,,,,,,,,,,,,,,,,6.148777,0.1996985108125955,0.5894200119655579,,,,,,,,,,,,,,
independent_set,erdos_renyi_550_0.7.dimac_is,cache_dir/independent_set/erdos_renyi_550_0.7.dimac_is,cache_dir/independent_set/erdos_renyi_550_0.7.dimac_is/erdos_renyi_550_0.7.dimac_is.mps,cache_dir/independent_set/erdos_renyi_550_0.7.dimac_is/erdos_renyi_550_0.7.dimac_is.std,cache_dir/independent_set/erdos_renyi_550_0.7.dimac_is/erdos_renyi_550_0.7.dimac_is.data,1,1,1,,False,False,False,False,True,True,,,,,,,,,,,,,,,,5.342063,0.14460267103277147,0.44734783307649195,,,,,,,,,,,,,,
independent_set,erdos_renyi_550_0.8.dimac_is,cache_dir/independent_set/erdos_renyi_550_0.8.dimac_is,cache_dir/independent_set/erdos_renyi_550_0.8.dimac_is/erdos_renyi_550_0.8.dimac_is.mps,cache_dir/independent_set/erdos_renyi_550_0.8.dimac_is/erdos_renyi_550_0.8.dimac_is.std,cache_dir/independent_set/erdos_renyi_550_0.8.dimac_is/erdos_renyi_550_0.8.dimac_is.data,1,1,1,,False,False,False,False,True,True,,,,,,,,,,,,,,,,4.851901,0.16716822795569897,0.5080006178468466,,,,,,,,,,,,,,
independent_set,erdos_renyi_550_0.9.dimac_is,cache_dir/independent_set/erdos_renyi_550_0.9.dimac_is,cache_dir/independent_set/erdos_renyi_550_0.9.dimac_is/erdos_renyi_550_0.9.dimac_is.mps,cache_dir/independent_set/erdos_renyi_550_0.9.dimac_is/erdos_renyi_550_0.9.dimac_is.std,cache_dir/independent_set/erdos_renyi_550_0.9.dimac_is/erdos_renyi_550_0.9.dimac_is.data,1,1,1,,False,False,False,False,True,True,,,,,,,,,,,,,,,,7.227466,0.18597154109738767,0.5783162410371006,,,,,,,,,,,,,,
independent_set,erdos_renyi_550_1.0.dimac_is,cache_dir/independent_set/erdos_renyi_550_1.0.dimac_is,cache_dir/independent_set/erdos_renyi_550_1.0.dimac_is/erdos_renyi_550_1.0.dimac_is.mps,cache_dir/independent_set/erdos_renyi_550_1.0.dimac_is/erdos_renyi_550_1.0.dimac_is.std,cache_dir/independent_set/erdos_renyi_550_1.0.dimac_is/erdos_renyi_550_1.0.dimac_is.data,1,1,1,,False,False,False,False,True,True,,,,,,,,,,,,,,,,6.596487,0.20586278103291988,0.6101051839068532,,,,,,,,,,,,,,
independent_set,erdos_renyi_560_0.7.dimac_is,cache_dir/independent_set/erdos_renyi_560_0.7.dimac_is,cache_dir/independent_set/erdos_renyi_560_0.7.dimac_is/erdos_renyi_560_0.7.dimac_is.mps,cache_dir/independent_set/erdos_renyi_560_0.7.dimac_is/erdos_renyi_560_0.7.dimac_is.std,cache_dir/independent_set/erdos_renyi_560_0.7.dimac_is/erdos_renyi_560_0.7.dimac_is.data,1,1,1,,False,False,False,False,True,True,,,,,,,,,,,,,,,,5.779666,0.1494150790385902,0.46868801419623196,,,,,,,,,,,,,,
independent_set,erdos_renyi_560_0.8.dimac_is,cache_dir/independent_set/erdos_renyi_560_0.8.dimac_is,cache_dir/independent_set/erdos_renyi_560_0.8.dimac_is/erdos_renyi_560_0.8.dimac_is.mps,cache_dir/independent_set/erdos_renyi_560_0.8.dimac_is/erdos_renyi_560_0.8.dimac_is.std,cache_dir/independent_set/erdos_renyi_560_0.8.dimac_is/erdos_renyi_560_0.8.dimac_is.data,1,1,1,,False,False,False,False,True,True,,,,,,,,,,,,,,,,5.154475,0.1693894499912858,0.526707662967965,,,,,,,,,,,,,,
independent_set,erdos_renyi_560_0.9.dimac_is,cache_dir/independent_set/erdos_renyi_560_0.9.dimac_is,cache_dir/independent_set/erdos_renyi_560_0.9.dimac_is/erdos_renyi_560_0.9.dimac_is.mps,cache_dir/independent_set/erdos_renyi_560_0.9.dimac_is/erdos_renyi_560_0.9.dimac_is.std,cache_dir/independent_set/erdos_renyi_560_0.9.dimac_is/erdos_renyi_560_0.9.dimac_is.data,1,1,1,,False,False,False,False,True,True,,,,,,,,,,,,,,,,5.611936,0.19679682212881744,0.5918101530987769,,,,,,,,,,,,,,
independent_set,erdos_renyi_560_1.0.dimac_is,cache_dir/independent_set/erdos_renyi_560_1.0.dimac_is,cache_dir/independent_set/erdos_renyi_560_1.0.dimac_is/erdos_renyi_560_1.0.dimac_is.mps,cache_dir/independent_set/erdos_renyi_560_1.0.dimac_is/erdos_renyi_560_1.0.dimac_is.std,cache_dir/independent_set/erdos_renyi_560_1.0.dimac_is/erdos_renyi_560_1.0.dimac_is.data,1,1,1,,False,False,False,False,True,True,,,,,,,,,,,,,,,,5.971022,0.2154023430775851,0.6313837261404842,,,,,,,,,,,,,,
independent_set,erdos_renyi_570_0.7.dimac_is,cache_dir/independent_set/erdos_renyi_570_0.7.dimac_is,cache_dir/independent_set/erdos_renyi_570_0.7.dimac_is/erdos_renyi_570_0.7.dimac_is.mps,cache_dir/independent_set/erdos_renyi_570_0.7.dimac_is/erdos_renyi_570_0.7.dimac_is.std,cache_dir/independent_set/erdos_renyi_570_0.7.dimac_is/erdos_renyi_570_0.7.dimac_is.data,1,1,1,,False,False,False,False,True,True,,,,,,,,,,,,,,,,6.705445,0.1578016560524702,0.4845697130076587,,,,,,,,,,,,,,
independent_set,erdos_renyi_570_0.8.dimac_is,cache_dir/independent_set/erdos_renyi_570_0.8.dimac_is,cache_dir/independent_set/erdos_renyi_570_0.8.dimac_is/erdos_renyi_570_0.8.dimac_is.mps,cache_dir/independent_set/erdos_renyi_570_0.8.dimac_is/erdos_renyi_570_0.8.dimac_is.std,cache_dir/independent_set/erdos_renyi_570_0.8.dimac_is/erdos_renyi_570_0.8.dimac_is.data,1,1,1,,False,False,False,False,True,True,,,,,,,,,,,,,,,,7.929079,0.18238745001144707,0.5553521520923823,,,,,,,,,,,,,,
independent_set,erdos_renyi_570_0.9.dimac_is,cache_dir/independent_set/erdos_renyi_570_0.9.dimac_is,cache_dir/independent_set/erdos_renyi_570_0.9.dimac_is/erdos_renyi_570_0.9.dimac_is.mps,cache_dir/independent_set/erdos_renyi_570_0.9.dimac_is/erdos_renyi_570_0.9.dimac_is.std,cache_dir/independent_set/erdos_renyi_570_0.9.dimac_is/erdos_renyi_570_0.9.dimac_is.data,1,1,1,,False,False,False,False,True,True,,,,,,,,,,,,,,,,5.868561,0.20334407011978328,0.6142751991283149,,,,,,,,,,,,,,
independent_set,erdos_renyi_570_1.0.dimac_is,cache_dir/independent_set/erdos_renyi_570_1.0.dimac_is,cache_dir/independent_set/erdos_renyi_570_1.0.dimac_is/erdos_renyi_570_1.0.dimac_is.mps,cache_dir/independent_set/erdos_renyi_570_1.0.dimac_is/erdos_renyi_570_1.0.dimac_is.std,cache_dir/independent_set/erdos_renyi_570_1.0.dimac_is/erdos_renyi_570_1.0.dimac_is.data,1,1,1,,False,False,False,False,True,True,,,,,,,,,,,,,,,,7.900413,0.21941717597655952,0.6532542540226132,,,,,,,,,,,,,,
independent_set,erdos_renyi_580_0.6.dimac_is,cache_dir/independent_set/erdos_renyi_580_0.6.dimac_is,cache_dir/independent_set/erdos_renyi_580_0.6.dimac_is/erdos_renyi_580_0.6.dimac_is.mps,cache_dir/independent_set/erdos_renyi_580_0.6.dimac_is/erdos_renyi_580_0.6.dimac_is.std,cache_dir/independent_set/erdos_renyi_580_0.6.dimac_is/erdos_renyi_580_0.6.dimac_is.data,1,1,1,,False,False,False,False,True,True,,,,,,,,,,,,,,,,4.494441,0.13855671184137464,0.4315700209699571,,,,,,,,,,,,,,
independent_set,erdos_renyi_580_0.7.dimac_is,cache_dir/independent_set/erdos_renyi_580_0.7.dimac_is,cache_dir/independent_set/erdos_renyi_580_0.7.dimac_is/erdos_renyi_580_0.7.dimac_is.mps,cache_dir/independent_set/erdos_renyi_580_0.7.dimac_is/erdos_renyi_580_0.7.dimac_is.std,cache_dir/independent_set/erdos_renyi_580_0.7.dimac_is/erdos_renyi_580_0.7.dimac_is.data,1,1,1,,False,False,False,False,True,True,,,,,,,,,,,,,,,,5.946092,0.16404163697734475,0.5024522701278329,,,,,,,,,,,,,,
independent_set,erdos_renyi_580_0.8.dimac_is,cache_dir/independent_set/erdos_renyi_580_0.8.dimac_is,cache_dir/independent_set/erdos_renyi_580_0.8.dimac_is/erdos_renyi_580_0.8.dimac_is.mps,cache_dir/independent_set/erdos_renyi_580_0.8.dimac_is/erdos_renyi_580_0.8.dimac_is.std,cache_dir/independent_set/erdos_renyi_580_0.8.dimac_is/erdos_renyi_580_0.8.dimac_is.data,1,1,1,,False,False,False,False,True,True,,,,,,,,,,,,,,,,5.748331,0.18347176490351558,0.575783816864714,,,,,,,,,,,,,,
independent_set,erdos_renyi_580_0.9.dimac_is,cache_dir/independent_set/erdos_renyi_580_0.9.dimac_is,cache_dir/independent_set/erdos_renyi_580_0.9.dimac_is/erdos_renyi_580_0.9.dimac_is.mps,cache_dir/independent_set/erdos_renyi_580_0.9.dimac_is/erdos_renyi_580_0.9.dimac_is.std,cache_dir/independent_set/erdos_renyi_580_0.9.dimac_is/erdos_renyi_580_0.9.dimac_is.data,1,1,1,,False,False,False,False,True,True,,,,,,,,,,,,,,,,7.860919,0.2095421499107033,0.6409436177928001,,,,,,,,,,,,,,
independent_set,erdos_renyi_580_1.0.dimac_is,cache_dir/independent_set/erdos_renyi_580_1.0.dimac_is,cache_dir/independent_set/erdos_renyi_580_1.0.dimac_is/erdos_renyi_580_1.0.dimac_is.mps,cache_dir/independent_set/erdos_renyi_580_1.0.dimac_is/erdos_renyi_580_1.0.dimac_is.std,cache_dir/independent_set/erdos_renyi_580_1.0.dimac_is/erdos_renyi_580_1.0.dimac_is.data,1,1,1,,False,False,False,False,True,True,,,,,,,,,,,,,,,,8.420902,0.22979239816777408,0.6914760118816048,,,,,,,,,,,,,,
independent_set,erdos_renyi_590_0.6.dimac_is,cache_dir/independent_set/erdos_renyi_590_0.6.dimac_is,cache_dir/independent_set/erdos_renyi_590_0.6.dimac_is/erdos_renyi_590_0.6.dimac_is.mps,cache_dir/independent_set/erdos_renyi_590_0.6.dimac_is/erdos_renyi_590_0.6.dimac_is.std,cache_dir/independent_set/erdos_renyi_590_0.6.dimac_is/erdos_renyi_590_0.6.dimac_is.data,1,1,1,,False,False,False,False,True,True,,,,,,,,,,,,,,,,4.92646,0.14569675596430898,0.4436710618901998,,,,,,,,,,,,,,
independent_set,erdos_renyi_590_0.7.dimac_is,cache_dir/independent_set/erdos_renyi_590_0.7.dimac_is,cache_dir/independent_set/erdos_renyi_590_0.7.dimac_is/erdos_renyi_590_0.7.dimac_is.mps,cache_dir/independent_set/erdos_renyi_590_0.7.dimac_is/erdos_renyi_590_0.7.dimac_is.std,cache_dir/independent_set/erdos_renyi_590_0.7.dimac_is/erdos_renyi_590_0.7.dimac_is.data,1,1,1,,False,False,False,False,True,True,,,,,,,,,,,,,,,,6.566884,0.16507180803455412,0.5161940411198884,,,,,,,,,,,,,,
independent_set,erdos_renyi_590_0.8.dimac_is,cache_dir/independent_set/erdos_renyi_590_0.8.dimac_is,cache_dir/independent_set/erdos_renyi_590_0.8.dimac_is/erdos_renyi_590_0.8.dimac_is.mps,cache_dir/independent_set/erdos_renyi_590_0.8.dimac_is/erdos_renyi_590_0.8.dimac_is.std,cache_dir/independent_set/erdos_renyi_590_0.8.dimac_is/erdos_renyi_590_0.8.dimac_is.data,1,1,1,,False,False,False,False,True,True,,,,,,,,,,,,,,,,6.972835,0.18959862692281604,0.586231746012345,,,,,,,,,,,,,,
independent_set,erdos_renyi_590_0.9.dimac_is,cache_dir/independent_set/erdos_renyi_590_0.9.dimac_is,cache_dir/independent_set/erdos_renyi_590_0.9.dimac_is/erdos_renyi_590_0.9.dimac_is.mps,cache_dir/independent_set/erdos_renyi_590_0.9.dimac_is/erdos_renyi_590_0.9.dimac_is.std,cache_dir/independent_set/erdos_renyi_590_0.9.dimac_is/erdos_renyi_590_0.9.dimac_is.data,1,1,1,,False,False,False,False,True,True,,,,,,,,,,,,,,,,8.467554,0.21889474894851446,0.6578173080924898,,,,,,,,,,,,,,
independent_set,erdos_renyi_590_1.0.dimac_is,cache_dir/independent_set/erdos_renyi_590_1.0.dimac_is,cache_dir/independent_set/erdos_renyi_590_1.0.dimac_is/erdos_renyi_590_1.0.dimac_is.mps,cache_dir/independent_set/erdos_renyi_590_1.0.dimac_is/erdos_renyi_590_1.0.dimac_is.std,cache_dir/independent_set/erdos_renyi_590_1.0.dimac_is/erdos_renyi_590_1.0.dimac_is.data,1,1,1,,False,False,False,False,True,True,,,,,,,,,,,,,,,,6.923399,0.23744979896582663,0.6918917400762439,,,,,,,,,,,,,,
independent_set,hamming10-4_is,cache_dir/independent_set/hamming10-4_is,cache_dir/independent_set/hamming10-4_is/hamming10-4_is.mps,cache_dir/independent_set/hamming10-4_is/hamming10-4_is.std,cache_dir/independent_set/hamming10-4_is/hamming10-4_is.data,1,1,1,,False,False,False,False,True,True,,,,,,,,,,,,,,,,32.253713,0.6099058599211276,1.8211764569859952,,,,,,,,,,,,,,
independent_set,keller5_is,cache_dir/independent_set/keller5_is,cache_dir/independent_set/keller5_is/keller5_is.mps,cache_dir/independent_set/keller5_is/keller5_is.std,cache_dir/independent_set/keller5_is/keller5_is.data,1,1,1,,False,False,False,False,True,True,,,,,,,,,,,,,,,,15.814227,0.32256756303831935,0.9513680548407137,,,,,,,,,,,,,,
independent_set,keller6_is,cache_dir/independent_set/keller6_is,cache_dir/independent_set/keller6_is/keller6_is.mps,cache_dir/independent_set/keller6_is/keller6_is.std,cache_dir/independent_set/keller6_is/keller6_is.data,1,1,1,,False,False,False,False,True,True,,,,,,,,,,,,,,,,46.969493,7.9347584918141365,23.037652387982234,,,,,,,,,,,,,,
independent_set,p_hat1500-1_is,cache_dir/independent_set/p_hat1500-1_is,cache_dir/independent_set/p_hat1500-1_is/p_hat1500-1_is.mps,cache_dir/independent_set/p_hat1500-1_is/p_hat1500-1_is.std,cache_dir/independent_set/p_hat1500-1_is/p_hat1500-1_is.data,1,1,1,,False,False,False,False,True,True,,,,,,,,,,,,,,,,33.793228,0.4149058440234512,1.439201750094071,,,,,,,,,,,,,,
independent_set,p_hat1500-2_is,cache_dir/independent_set/p_hat1500-2_is,cache_dir/independent_set/p_hat1500-2_is/p_hat1500-2_is.mps,cache_dir/independent_set/p_hat1500-2_is/p_hat1500-2_is.std,cache_dir/independent_set/p_hat1500-2_is/p_hat1500-2_is.data,1,1,1,,False,False,False,False,True,True,,,,,,,,,,,,,,,,34.585333,0.8400563250761479,2.6723091460298747,,,,,,,,,,,,,,
independent_set,p_hat1500-3_is,cache_dir/independent_set/p_hat1500-3_is,cache_dir/independent_set/p_hat1500-3_is/p_hat1500-3_is.mps,cache_dir/independent_set/p_hat1500-3_is/p_hat1500-3_is.std,cache_dir/independent_set/p_hat1500-3_is/p_hat1500-3_is.data,1,1,1,,False,False,False,False,True,True,,,,,,,,,,,,,,,,36.803129,1.2269427150022238,3.7664323621429503,,,,,,,,,,,,,,
independent_set,p_hat700-2_is,cache_dir/independent_set/p_hat700-2_is,cache_dir/independent_set/p_hat700-2_is/p_hat700-2_is.mps,cache_dir/independent_set/p_hat700-2_is/p_hat700-2_is.std,cache_dir/independent_set/p_hat700-2_is/p_hat700-2_is.data,1,1,1,,False,False,False,False,True,True,,,,,,,,,,,,,,,,6.924968,0.17063642106950283,0.5481438189744949,,,,,,,,,,,,,,
independent_set,p_hat700-3_is,cache_dir/independent_set/p_hat700-3_is,cache_dir/independent_set/p_hat700-3_is/p_hat700-3_is.mps,cache_dir/independent_set/p_hat700-3_is/p_hat700-3_is.std,cache_dir/independent_set/p_hat700-3_is/p_hat700-3_is.data,1,1,1,,False,False,False,False,True,True,,,,,,,,,,,,,,,,10.102739,0.2596138999797404,0.8161433830391616,,,,,,,,,,,,,,
max_flow,erdos_renyi_directed_230_1.0.dimac_mf,cache_dir/max_flow/erdos_renyi_directed_230_1.0.dimac_mf,cache_dir/max_flow/erdos_renyi_directed_230_1.0.dimac_mf/erdos_renyi_directed_230_1.0.dimac_mf.mps,cache_dir/max_flow/erdos_renyi_directed_230_1.0.dimac_mf/erdos_renyi_directed_230_1.0.dimac_mf.std,cache_dir/max_flow/erdos_renyi_directed_230_1.0.dimac_mf/erdos_renyi_directed_230_1.0.dimac_mf.data,1,1,1,,False,False,False,False,True,True,,,,,,,,,,,,,,,,,0.3320213961414993,0.4494394341018051,,,,,,,,,,,,,,
max_flow,erdos_renyi_directed_240_0.9.dimac_mf,cache_dir/max_flow/erdos_renyi_directed_240_0.9.dimac_mf,cache_dir/max_flow/erdos_renyi_directed_240_0.9.dimac_mf/erdos_renyi_directed_240_0.9.dimac_mf.mps,cache_dir/max_flow/erdos_renyi_directed_240_0.9.dimac_mf/erdos_renyi_directed_240_0.9.dimac_mf.std,cache_dir/max_flow/erdos_renyi_directed_240_0.9.dimac_mf/erdos_renyi_directed_240_0.9.dimac_mf.data,1,1,1,,False,False,False,False,True,True,,,,,,,,,,,,,,,,,0.438392355106771,0.5606739330105484,,,,,,,,,,,,,,
max_flow,erdos_renyi_directed_240_1.0.dimac_mf,cache_dir/max_flow/erdos_renyi_directed_240_1.0.dimac_mf,cache_dir/max_flow/erdos_renyi_directed_240_1.0.dimac_mf/erdos_renyi_directed_240_1.0.dimac_mf.mps,cache_dir/max_flow/erdos_renyi_directed_240_1.0.dimac_mf/erdos_renyi_directed_240_1.0.dimac_mf.std,cache_dir/max_flow/erdos_renyi_directed_240_1.0.dimac_mf/erdos_renyi_directed_240_1.0.dimac_mf.data,1,1,1,,False,False,False,False,True,True,,,,,,,,,,,,,,,,,0.4090191030409187,0.5410282791126519,,,,,,,,,,,,,,
max_flow,erdos_renyi_directed_250_0.9.dimac_mf,cache_dir/max_flow/erdos_renyi_directed_250_0.9.dimac_mf,cache_dir/max_flow/erdos_renyi_directed_250_0.9.dimac_mf/erdos_renyi_directed_250_0.9.dimac_mf.mps,cache_dir/max_flow/erdos_renyi_directed_250_0.9.dimac_mf/erdos_renyi_directed_250_0.9.dimac_mf.std,cache_dir/max_flow/erdos_renyi_directed_250_0.9.dimac_mf/erdos_renyi_directed_250_0.9.dimac_mf.data,1,1,1,,False,False,False,False,True,True,,,,,,,,,,,,,,,,,0.4209544260520488,0.5552114108577371,,,,,,,,,,,,,,
max_flow,erdos_renyi_directed_250_1.0.dimac_mf,cache_dir/max_flow/erdos_renyi_directed_250_1.0.dimac_mf,cache_dir/max_flow/erdos_renyi_directed_250_1.0.dimac_mf/erdos_renyi_directed_250_1.0.dimac_mf.mps,cache_dir/max_flow/erdos_renyi_directed_250_1.0.dimac_mf/erdos_renyi_directed_250_1.0.dimac_mf.std,cache_dir/max_flow/erdos_renyi_directed_250_1.0.dimac_mf/erdos_renyi_directed_250_1.0.dimac_mf.data,1,1,1,,False,False,False,False,True,True,,,,,,,,,,,,,,,,,0.43048580596223474,0.5725339129567146,,,,,,,,,,,,,,
max_flow,erdos_renyi_directed_260_0.8.dimac_mf,cache_dir/max_flow/erdos_renyi_directed_260_0.8.dimac_mf,cache_dir/max_flow/erdos_renyi_directed_260_0.8.dimac_mf/erdos_renyi_directed_260_0.8.dimac_mf.mps,cache_dir/max_flow/erdos_renyi_directed_260_0.8.dimac_mf/erdos_renyi_directed_260_0.8.dimac_mf.std,cache_dir/max_flow/erdos_renyi_directed_260_0.8.dimac_mf/erdos_renyi_directed_260_0.8.dimac_mf.data,1,1,1,,False,False,False,False,True,True,,,,,,,,,,,,,,,,,0.660235163057223,0.7839298320468515,,,,,,,,,,,,,,
max_flow,erdos_renyi_directed_260_0.9.dimac_mf,cache_dir/max_flow/erdos_renyi_directed_260_0.9.dimac_mf,cache_dir/max_flow/erdos_renyi_directed_260_0.9.dimac_mf/erdos_renyi_directed_260_0.9.dimac_mf.mps,cache_dir/max_flow/erdos_renyi_directed_260_0.9.dimac_mf/erdos_renyi_directed_260_0.9.dimac_mf.std,cache_dir/max_flow/erdos_renyi_directed_260_0.9.dimac_mf/erdos_renyi_directed_260_0.9.dimac_mf.data,1,1,1,,False,False,False,False,True,True,,,,,,,,,,,,,,,,,0.569507110863924,0.7167597659863532,,,,,,,,,,,,,,
max_flow,erdos_renyi_directed_260_1.0.dimac_mf,cache_dir/max_flow/erdos_renyi_directed_260_1.0.dimac_mf,cache_dir/max_flow/erdos_renyi_directed_260_1.0.dimac_mf/erdos_renyi_directed_260_1.0.dimac_mf.mps,cache_dir/max_flow/erdos_renyi_directed_260_1.0.dimac_mf/erdos_renyi_directed_260_1.0.dimac_mf.std,cache_dir/max_flow/erdos_renyi_directed_260_1.0.dimac_mf/erdos_renyi_directed_260_1.0.dimac_mf.data,1,1,1,,False,False,False,False,True,True,,,,,,,,,,,,,,,,,0.4447746630758047,0.5899391549173743,,,,,,,,,,,,,,
max_flow,erdos_renyi_directed_270_0.7.dimac_mf,cache_dir/max_flow/erdos_renyi_directed_270_0.7.dimac_mf,cache_dir/max_flow/erdos_renyi_directed_270_0.7.dimac_mf/erdos_renyi_directed_270_0.7.dimac_mf.mps,cache_dir/max_flow/erdos_renyi_directed_270_0.7.dimac_mf/erdos_renyi_directed_270_0.7.dimac_mf.std,cache_dir/max_flow/erdos_renyi_directed_270_0.7.dimac_mf/erdos_renyi_directed_270_0.7.dimac_mf.data,1,1,1,,False,False,False,False,True,True,,,,,,,,,,,,,,,,,0.42161959200166166,0.5347568551078439,,,,,,,,,,,,,,
max_flow,erdos_renyi_directed_270_0.8.dimac_mf,cache_dir/max_flow/erdos_renyi_directed_270_0.8.dimac_mf,cache_dir/max_flow/erdos_renyi_directed_270_0.8.dimac_mf/erdos_renyi_directed_270_0.8.dimac_mf.mps,cache_dir/max_flow/erdos_renyi_directed_270_0.8.dimac_mf/erdos_renyi_directed_270_0.8.dimac_mf.std,cache_dir/max_flow/erdos_renyi_directed_270_0.8.dimac_mf/erdos_renyi_directed_270_0.8.dimac_mf.data,1,1,1,,False,False,False,False,True,True,,,,,,,,,,,,,,,,,0.6440949661191553,0.7755648090969771,,,,,,,,,,,,,,
max_flow,erdos_renyi_directed_270_0.9.dimac_mf,cache_dir/max_flow/erdos_renyi_directed_270_0.9.dimac_mf,cache_dir/max_flow/erdos_renyi_directed_270_0.9.dimac_mf/erdos_renyi_directed_270_0.9.dimac_mf.mps,cache_dir/max_flow/erdos_renyi_directed_270_0.9.dimac_mf/erdos_renyi_directed_270_0.9.dimac_mf.std,cache_dir/max_flow/erdos_renyi_directed_270_0.9.dimac_mf/erdos_renyi_directed_270_0.9.dimac_mf.data,1,1,1,,False,False,False,False,True,True,,,,,,,,,,,,,,,,,0.5363175659440458,0.6865916019305587,,,,,,,,,,,,,,
max_flow,erdos_renyi_directed_270_1.0.dimac_mf,cache_dir/max_flow/erdos_renyi_directed_270_1.0.dimac_mf,cache_dir/max_flow/erdos_renyi_directed_270_1.0.dimac_mf/erdos_renyi_directed_270_1.0.dimac_mf.mps,cache_dir/max_flow/erdos_renyi_directed_270_1.0.dimac_mf/erdos_renyi_directed_270_1.0.dimac_mf.std,cache_dir/max_flow/erdos_renyi_directed_270_1.0.dimac_mf/erdos_renyi_directed_270_1.0.dimac_mf.data,1,1,1,,False,False,False,False,True,True,,,,,,,,,,,,,,,,,0.5331422609742731,0.6911069760099053,,,,,,,,,,,,,,
max_flow,erdos_renyi_directed_280_0.7.dimac_mf,cache_dir/max_flow/erdos_renyi_directed_280_0.7.dimac_mf,cache_dir/max_flow/erdos_renyi_directed_280_0.7.dimac_mf/erdos_renyi_directed_280_0.7.dimac_mf.mps,cache_dir/max_flow/erdos_renyi_directed_280_0.7.dimac_mf/erdos_renyi_directed_280_0.7.dimac_mf.std,cache_dir/max_flow/erdos_renyi_directed_280_0.7.dimac_mf/erdos_renyi_directed_280_0.7.dimac_mf.data,1,1,1,,False,False,False,False,True,True,,,,,,,,,,,,,,,,,0.5398194638546556,0.6617522309534252,,,,,,,,,,,,,,
max_flow,erdos_renyi_directed_280_0.8.dimac_mf,cache_dir/max_flow/erdos_renyi_directed_280_0.8.dimac_mf,cache_dir/max_flow/erdos_renyi_directed_280_0.8.dimac_mf/erdos_renyi_directed_280_0.8.dimac_mf.mps,cache_dir/max_flow/erdos_renyi_directed_280_0.8.dimac_mf/erdos_renyi_directed_280_0.8.dimac_mf.std,cache_dir/max_flow/erdos_renyi_directed_280_0.8.dimac_mf/erdos_renyi_directed_280_0.8.dimac_mf.data,1,1,1,,False,False,False,False,True,True,,,,,,,,,,,,,,,,,0.6943905719090253,0.8441640990786254,,,,,,,,,,,,,,
max_flow,erdos_renyi_directed_280_0.9.dimac_mf,cache_dir/max_flow/erdos_renyi_directed_280_0.9.dimac_mf,cache_dir/max_flow/erdos_renyi_directed_280_0.9.dimac_mf/erdos_renyi_directed_280_0.9.dimac_mf.mps,cache_dir/max_flow/erdos_renyi_directed_280_0.9.dimac_mf/erdos_renyi_directed_280_0.9.dimac_mf.std,cache_dir/max_flow/erdos_renyi_directed_280_0.9.dimac_mf/erdos_renyi_directed_280_0.9.dimac_mf.data,1,1,1,,False,False,False,False,True,True,,,,,,,,,,,,,,,,,0.6746221480425447,0.8387184350285679,,,,,,,,,,,,,,
max_flow,erdos_renyi_directed_280_1.0.dimac_mf,cache_dir/max_flow/erdos_renyi_directed_280_1.0.dimac_mf,cache_dir/max_flow/erdos_renyi_directed_280_1.0.dimac_mf/erdos_renyi_directed_280_1.0.dimac_mf.mps,cache_dir/max_flow/erdos_renyi_directed_280_1.0.dimac_mf/erdos_renyi_directed_280_1.0.dimac_mf.std,cache_dir/max_flow/erdos_renyi_directed_280_1.0.dimac_mf/erdos_renyi_directed_280_1.0.dimac_mf.data,1,1,1,,False,False,False,False,True,True,,,,,,,,,,,,,,,,,0.5411241031251848,0.7035414138808846,,,,,,,,,,,,,,
max_flow,erdos_renyi_directed_290_0.6.dimac_mf,cache_dir/max_flow/erdos_renyi_directed_290_0.6.dimac_mf,cache_dir/max_flow/erdos_renyi_directed_290_0.6.dimac_mf/erdos_renyi_directed_290_0.6.dimac_mf.mps,cache_dir/max_flow/erdos_renyi_directed_290_0.6.dimac_mf/erdos_renyi_directed_290_0.6.dimac_mf.std,cache_dir/max_flow/erdos_renyi_directed_290_0.6.dimac_mf/erdos_renyi_directed_290_0.6.dimac_mf.data,1,1,1,,False,False,False,False,True,True,,,,,,,,,,,,,,,,,0.47134127910248935,0.5791840110905468,,,,,,,,,,,,,,
max_flow,erdos_renyi_directed_290_0.7.dimac_mf,cache_dir/max_flow/erdos_renyi_directed_290_0.7.dimac_mf,cache_dir/max_flow/erdos_renyi_directed_290_0.7.dimac_mf/erdos_renyi_directed_290_0.7.dimac_mf.mps,cache_dir/max_flow/erdos_renyi_directed_290_0.7.dimac_mf/erdos_renyi_directed_290_0.7.dimac_mf.std,cache_dir/max_flow/erdos_renyi_directed_290_0.7.dimac_mf/erdos_renyi_directed_290_0.7.dimac_mf.data,1,1,1,,False,False,False,False,True,True,,,,,,,,,,,,,,,,,0.4973146910779178,0.629657011013478,,,,,,,,,,,,,,
max_flow,erdos_renyi_directed_290_0.8.dimac_mf,cache_dir/max_flow/erdos_renyi_directed_290_0.8.dimac_mf,cache_dir/max_flow/erdos_renyi_directed_290_0.8.dimac_mf/erdos_renyi_directed_290_0.8.dimac_mf.mps,cache_dir/max_flow/erdos_renyi_directed_290_0.8.dimac_mf/erdos_renyi_directed_290_0.8.dimac_mf.std,cache_dir/max_flow/erdos_renyi_directed_290_0.8.dimac_mf/erdos_renyi_directed_290_0.8.dimac_mf.data,1,1,1,,False,False,False,False,True,True,,,,,,,,,,,,,,,,,0.5658410477917641,0.7157010501250625,,,,,,,,,,,,,,
max_flow,erdos_renyi_directed_290_0.9.dimac_mf,cache_dir/max_flow/erdos_renyi_directed_290_0.9.dimac_mf,cache_dir/max_flow/erdos_renyi_directed_290_0.9.dimac_mf/erdos_renyi_directed_290_0.9.dimac_mf.mps,cache_dir/max_flow/erdos_renyi_directed_290_0.9.dimac_mf/erdos_renyi_directed_290_0.9.dimac_mf.std,cache_dir/max_flow/erdos_renyi_directed_290_0.9.dimac_mf/erdos_renyi_directed_290_0.9.dimac_mf.data,1,1,1,,False,False,False,False,True,True,,,,,,,,,,,,,,,,,0.5885032461956143,0.7548731989227235,,,,,,,,,,,,,,
max_flow,erdos_renyi_directed_290_1.0.dimac_mf,cache_dir/max_flow/erdos_renyi_directed_290_1.0.dimac_mf,cache_dir/max_flow/erdos_renyi_directed_290_1.0.dimac_mf/erdos_renyi_directed_290_1.0.dimac_mf.mps,cache_dir/max_flow/erdos_renyi_directed_290_1.0.dimac_mf/erdos_renyi_directed_290_1.0.dimac_mf.std,cache_dir/max_flow/erdos_renyi_directed_290_1.0.dimac_mf/erdos_renyi_directed_290_1.0.dimac_mf.data,1,1,1,,False,False,False,False,True,True,,,,,,,,,,,,,,,,,0.5979728780221194,0.7744318111799657,,,,,,,,,,,,,,
max_flow,erdos_renyi_directed_300_0.6.dimac_mf,cache_dir/max_flow/erdos_renyi_directed_300_0.6.dimac_mf,cache_dir/max_flow/erdos_renyi_directed_300_0.6.dimac_mf/erdos_renyi_directed_300_0.6.dimac_mf.mps,cache_dir/max_flow/erdos_renyi_directed_300_0.6.dimac_mf/erdos_renyi_directed_300_0.6.dimac_mf.std,cache_dir/max_flow/erdos_renyi_directed_300_0.6.dimac_mf/erdos_renyi_directed_300_0.6.dimac_mf.data,1,1,1,,False,False,False,False,True,True,,,,,,,,,,,,,,,,,0.5986396949738264,0.7250815818551928,,,,,,,,,,,,,,
max_flow,erdos_renyi_directed_300_0.7.dimac_mf,cache_dir/max_flow/erdos_renyi_directed_300_0.7.dimac_mf,cache_dir/max_flow/erdos_renyi_directed_300_0.7.dimac_mf/erdos_renyi_directed_300_0.7.dimac_mf.mps,cache_dir/max_flow/erdos_renyi_directed_300_0.7.dimac_mf/erdos_renyi_directed_300_0.7.dimac_mf.std,cache_dir/max_flow/erdos_renyi_directed_300_0.7.dimac_mf/erdos_renyi_directed_300_0.7.dimac_mf.data,1,1,1,,False,False,False,False,True,True,,,,,,,,,,,,,,,,,0.652904300019145,0.7973355411086231,,,,,,,,,,,,,,
max_flow,erdos_renyi_directed_300_0.8.dimac_mf,cache_dir/max_flow/erdos_renyi_directed_300_0.8.dimac_mf,cache_dir/max_flow/erdos_renyi_directed_300_0.8.dimac_mf/erdos_renyi_directed_300_0.8.dimac_mf.mps,cache_dir/max_flow/erdos_renyi_directed_300_0.8.dimac_mf/erdos_renyi_directed_300_0.8.dimac_mf.std,cache_dir/max_flow/erdos_renyi_directed_300_0.8.dimac_mf/erdos_renyi_directed_300_0.8.dimac_mf.data,1,1,1,,False,False,False,False,True,True,,,,,,,,,,,,,,,,,0.6560509980190545,0.8153861539904028,,,,,,,,,,,,,,
max_flow,erdos_renyi_directed_300_0.9.dimac_mf,cache_dir/max_flow/erdos_renyi_directed_300_0.9.dimac_mf,cache_dir/max_flow/erdos_renyi_directed_300_0.9.dimac_mf/erdos_renyi_directed_300_0.9.dimac_mf.mps,cache_dir/max_flow/erdos_renyi_directed_300_0.9.dimac_mf/erdos_renyi_directed_300_0.9.dimac_mf.std,cache_dir/max_flow/erdos_renyi_directed_300_0.9.dimac_mf/erdos_renyi_directed_300_0.9.dimac_mf.data,1,1,1,,False,False,False,False,True,True,,,,,,,,,,,,,,,,,0.6178640369325876,0.7914962640497833,,,,,,,,,,,,,,
max_flow,erdos_renyi_directed_300_1.0.dimac_mf,cache_dir/max_flow/erdos_renyi_directed_300_1.0.dimac_mf,cache_dir/max_flow/erdos_renyi_directed_300_1.0.dimac_mf/erdos_renyi_directed_300_1.0.dimac_mf.mps,cache_dir/max_flow/erdos_renyi_directed_300_1.0.dimac_mf/erdos_renyi_directed_300_1.0.dimac_mf.std,cache_dir/max_flow/erdos_renyi_directed_300_1.0.dimac_mf/erdos_renyi_directed_300_1.0.dimac_mf.data,1,1,1,,False,False,False,False,True,True,,,,,,,,,,,,,,,,,0.6741750221699476,0.8552372129634023,,,,,,,,,,,,,,
max_flow,erdos_renyi_directed_310_0.6.dimac_mf,cache_dir/max_flow/erdos_renyi_directed_310_0.6.dimac_mf,cache_dir/max_flow/erdos_renyi_directed_310_0.6.dimac_mf/erdos_renyi_directed_310_0.6.dimac_mf.mps,cache_dir/max_flow/erdos_renyi_directed_310_0.6.dimac_mf/erdos_renyi_directed_310_0.6.dimac_mf.std,cache_dir/max_flow/erdos_renyi_directed_310_0.6.dimac_mf/erdos_renyi_directed_310_0.6.dimac_mf.data,1,1,1,,False,False,False,False,True,True,,,,,,,,,,,,,,,,,0.8259598009753972,0.94968192698434,,,,,,,,,,,,,,
max_flow,erdos_renyi_directed_310_0.7.dimac_mf,cache_dir/max_flow/erdos_renyi_directed_310_0.7.dimac_mf,cache_dir/max_flow/erdos_renyi_directed_310_0.7.dimac_mf/erdos_renyi_directed_310_0.7.dimac_mf.mps,cache_dir/max_flow/erdos_renyi_directed_310_0.7.dimac_mf/erdos_renyi_directed_310_0.7.dimac_mf.std,cache_dir/max_flow/erdos_renyi_directed_310_0.7.dimac_mf/erdos_renyi_directed_310_0.7.dimac_mf.data,1,1,1,,False,False,False,False,True,True,,,,,,,,,,,,,,,,,0.5433696159161627,0.6856089679058641,,,,,,,,,,,,,,
max_flow,erdos_renyi_directed_310_0.8.dimac_mf,cache_dir/max_flow/erdos_renyi_directed_310_0.8.dimac_mf,cache_dir/max_flow/erdos_renyi_directed_310_0.8.dimac_mf/erdos_renyi_directed_310_0.8.dimac_mf.mps,cache_dir/max_flow/erdos_renyi_directed_310_0.8.dimac_mf/erdos_renyi_directed_310_0.8.dimac_mf.std,cache_dir/max_flow/erdos_renyi_directed_310_0.8.dimac_mf/erdos_renyi_directed_310_0.8.dimac_mf.data,1,1,1,,False,False,False,False,True,True,,,,,,,,,,,,,,,,,0.9221243502106518,1.0991073590703309,,,,,,,,,,,,,,
max_flow,erdos_renyi_directed_310_0.9.dimac_mf,cache_dir/max_flow/erdos_renyi_directed_310_0.9.dimac_mf,cache_dir/max_flow/erdos_renyi_directed_310_0.9.dimac_mf/erdos_renyi_directed_310_0.9.dimac_mf.mps,cache_dir/max_flow/erdos_renyi_directed_310_0.9.dimac_mf/erdos_renyi_directed_310_0.9.dimac_mf.std,cache_dir/max_flow/erdos_renyi_directed_310_0.9.dimac_mf/erdos_renyi_directed_310_0.9.dimac_mf.data,1,1,1,,False,False,False,False,True,True,,,,,,,,,,,,,,,,,0.8058036000002176,0.990474090911448,,,,,,,,,,,,,,
max_flow,erdos_renyi_directed_310_1.0.dimac_mf,cache_dir/max_flow/erdos_renyi_directed_310_1.0.dimac_mf,cache_dir/max_flow/erdos_renyi_directed_310_1.0.dimac_mf/erdos_renyi_directed_310_1.0.dimac_mf.mps,cache_dir/max_flow/erdos_renyi_directed_310_1.0.dimac_mf/erdos_renyi_directed_310_1.0.dimac_mf.std,cache_dir/max_flow/erdos_renyi_directed_310_1.0.dimac_mf/erdos_renyi_directed_310_1.0.dimac_mf.data,1,1,1,,False,False,False,False,True,True,,,,,,,,,,,,,,,,,0.854177082888782,1.0403271599207073,,,,,,,,,,,,,,
max_flow,erdos_renyi_directed_320_0.5.dimac_mf,cache_dir/max_flow/erdos_renyi_directed_320_0.5.dimac_mf,cache_dir/max_flow/erdos_renyi_directed_320_0.5.dimac_mf/erdos_renyi_directed_320_0.5.dimac_mf.mps,cache_dir/max_flow/erdos_renyi_directed_320_0.5.dimac_mf/erdos_renyi_directed_320_0.5.dimac_mf.std,cache_dir/max_flow/erdos_renyi_directed_320_0.5.dimac_mf/erdos_renyi_directed_320_0.5.dimac_mf.data,1,1,1,,False,False,False,False,True,True,,,,,,,,,,,,,,,,,0.5649114339612424,0.6741712831426412,,,,,,,,,,,,,,
max_flow,erdos_renyi_directed_320_0.6.dimac_mf,cache_dir/max_flow/erdos_renyi_directed_320_0.6.dimac_mf,cache_dir/max_flow/erdos_renyi_directed_320_0.6.dimac_mf/erdos_renyi_directed_320_0.6.dimac_mf.mps,cache_dir/max_flow/erdos_renyi_directed_320_0.6.dimac_mf/erdos_renyi_directed_320_0.6.dimac_mf.std,cache_dir/max_flow/erdos_renyi_directed_320_0.6.dimac_mf/erdos_renyi_directed_320_0.6.dimac_mf.data,1,1,1,,False,False,False,False,True,True,,,,,,,,,,,,,,,,,0.8195192380808294,0.9579033460468054,,,,,,,,,,,,,,
max_flow,erdos_renyi_directed_320_0.7.dimac_mf,cache_dir/max_flow/erdos_renyi_directed_320_0.7.dimac_mf,cache_dir/max_flow/erdos_renyi_directed_320_0.7.dimac_mf/erdos_renyi_directed_320_0.7.dimac_mf.mps,cache_dir/max_flow/erdos_renyi_directed_320_0.7.dimac_mf/erdos_renyi_directed_320_0.7.dimac_mf.std,cache_dir/max_flow/erdos_renyi_directed_320_0.7.dimac_mf/erdos_renyi_directed_320_0.7.dimac_mf.data,1,1,1,,False,False,False,False,True,True,,,,,,,,,,,,,,,,,0.6468246399890631,0.7984177549369633,,,,,,,,,,,,,,
max_flow,erdos_renyi_directed_320_0.8.dimac_mf,cache_dir/max_flow/erdos_renyi_directed_320_0.8.dimac_mf,cache_dir/max_flow/erdos_renyi_directed_320_0.8.dimac_mf/erdos_renyi_directed_320_0.8.dimac_mf.mps,cache_dir/max_flow/erdos_renyi_directed_320_0.8.dimac_mf/erdos_renyi_directed_320_0.8.dimac_mf.std,cache_dir/max_flow/erdos_renyi_directed_320_0.8.dimac_mf/erdos_renyi_directed_320_0.8.dimac_mf.data,1,1,1,,False,False,False,False,True,True,,,,,,,,,,,,,,,,,0.692628517979756,0.8743008519522846,,,,,,,,,,,,,,
max_flow,erdos_renyi_directed_320_0.9.dimac_mf,cache_dir/max_flow/erdos_renyi_directed_320_0.9.dimac_mf,cache_dir/max_flow/erdos_renyi_directed_320_0.9.dimac_mf/erdos_renyi_directed_320_0.9.dimac_mf.mps,cache_dir/max_flow/erdos_renyi_directed_320_0.9.dimac_mf/erdos_renyi_directed_320_0.9.dimac_mf.std,cache_dir/max_flow/erdos_renyi_directed_320_0.9.dimac_mf/erdos_renyi_directed_320_0.9.dimac_mf.data,1,1,1,,False,False,False,False,True,True,,,,,,,,,,,,,,,,,0.8923324819188565,1.0923654870130122,,,,,,,,,,,,,,
max_flow,erdos_renyi_directed_320_1.0.dimac_mf,cache_dir/max_flow/erdos_renyi_directed_320_1.0.dimac_mf,cache_dir/max_flow/erdos_renyi_directed_320_1.0.dimac_mf/erdos_renyi_directed_320_1.0.dimac_mf.mps,cache_dir/max_flow/erdos_renyi_directed_320_1.0.dimac_mf/erdos_renyi_directed_320_1.0.dimac_mf.std,cache_dir/max_flow/erdos_renyi_directed_320_1.0.dimac_mf/erdos_renyi_directed_320_1.0.dimac_mf.data,1,1,1,,False,False,False,False,True,True,,,,,,,,,,,,,,,,,0.763642915058881,0.9742275530006737,,,,,,,,,,,,,,
max_flow,erdos_renyi_directed_330_0.5.dimac_mf,cache_dir/max_flow/erdos_renyi_directed_330_0.5.dimac_mf,cache_dir/max_flow/erdos_renyi_directed_330_0.5.dimac_mf/erdos_renyi_directed_330_0.5.dimac_mf.mps,cache_dir/max_flow/erdos_renyi_directed_330_0.5.dimac_mf/erdos_renyi_directed_330_0.5.dimac_mf.std,cache_dir/max_flow/erdos_renyi_directed_330_0.5.dimac_mf/erdos_renyi_directed_330_0.5.dimac_mf.data,1,1,1,,False,False,False,False,True,True,,,,,,,,,,,,,,,,,0.4700089627876878,0.5939668039791286,,,,,,,,,,,,,,
max_flow,erdos_renyi_directed_330_0.6.dimac_mf,cache_dir/max_flow/erdos_renyi_directed_330_0.6.dimac_mf,cache_dir/max_flow/erdos_renyi_directed_330_0.6.dimac_mf/erdos_renyi_directed_330_0.6.dimac_mf.mps,cache_dir/max_flow/erdos_renyi_directed_330_0.6.dimac_mf/erdos_renyi_directed_330_0.6.dimac_mf.std,cache_dir/max_flow/erdos_renyi_directed_330_0.6.dimac_mf/erdos_renyi_directed_330_0.6.dimac_mf.data,1,1,1,,False,False,False,False,True,True,,,,,,,,,,,,,,,,,0.6036731759086251,0.7466951280366629,,,,,,,,,,,,,,
max_flow,erdos_renyi_directed_330_0.7.dimac_mf,cache_dir/max_flow/erdos_renyi_directed_330_0.7.dimac_mf,cache_dir/max_flow/erdos_renyi_directed_330_0.7.dimac_mf/erdos_renyi_directed_330_0.7.dimac_mf.mps,cache_dir/max_flow/erdos_renyi_directed_330_0.7.dimac_mf/erdos_renyi_directed_330_0.7.dimac_mf.std,cache_dir/max_flow/erdos_renyi_directed_330_0.7.dimac_mf/erdos_renyi_directed_330_0.7.dimac_mf.data,1,1,1,,False,False,False,False,True,True,,,,,,,,,,,,,,,,,0.6127749669831246,0.7738028320018202,,,,,,,,,,,,,,
max_flow,erdos_renyi_directed_330_0.8.dimac_mf,cache_dir/max_flow/erdos_renyi_directed_330_0.8.dimac_mf,cache_dir/max_flow/erdos_renyi_directed_330_0.8.dimac_mf/erdos_renyi_directed_330_0.8.dimac_mf.mps,cache_dir/max_flow/erdos_renyi_directed_330_0.8.dimac_mf/erdos_renyi_directed_330_0.8.dimac_mf.std,cache_dir/max_flow/erdos_renyi_directed_330_0.8.dimac_mf/erdos_renyi_directed_330_0.8.dimac_mf.data,1,1,1,,False,False,False,False,True,True,,,,,,,,,,,,,,,,,1.04867048189044,1.2246292911004275,,,,,,,,,,,,,,
max_flow,erdos_renyi_directed_330_0.9.dimac_mf,cache_dir/max_flow/erdos_renyi_directed_330_0.9.dimac_mf,cache_dir/max_flow/erdos_renyi_directed_330_0.9.dimac_mf/erdos_renyi_directed_330_0.9.dimac_mf.mps,cache_dir/max_flow/erdos_renyi_directed_330_0.9.dimac_mf/erdos_renyi_directed_330_0.9.dimac_mf.std,cache_dir/max_flow/erdos_renyi_directed_330_0.9.dimac_mf/erdos_renyi_directed_330_0.9.dimac_mf.data,1,1,1,,False,False,False,False,True,True,,,,,,,,,,,,,,,,,0.8910950080025941,1.0892160199582577,,,,,,,,,,,,,,
max_flow,erdos_renyi_directed_330_1.0.dimac_mf,cache_dir/max_flow/erdos_renyi_directed_330_1.0.dimac_mf,cache_dir/max_flow/erdos_renyi_directed_330_1.0.dimac_mf/erdos_renyi_directed_330_1.0.dimac_mf.mps,cache_dir/max_flow/erdos_renyi_directed_330_1.0.dimac_mf/erdos_renyi_directed_330_1.0.dimac_mf.std,cache_dir/max_flow/erdos_renyi_directed_330_1.0.dimac_mf/erdos_renyi_directed_330_1.0.dimac_mf.data,1,1,1,,False,False,False,False,True,True,,,,,,,,,,,,,,,,,0.9792004500050098,1.207653580000624,,,,,,,,,,,,,,
max_flow,erdos_renyi_directed_340_0.5.dimac_mf,cache_dir/max_flow/erdos_renyi_directed_340_0.5.dimac_mf,cache_dir/max_flow/erdos_renyi_directed_340_0.5.dimac_mf/erdos_renyi_directed_340_0.5.dimac_mf.mps,cache_dir/max_flow/erdos_renyi_directed_340_0.5.dimac_mf/erdos_renyi_directed_340_0.5.dimac_mf.std,cache_dir/max_flow/erdos_renyi_directed_340_0.5.dimac_mf/erdos_renyi_directed_340_0.5.dimac_mf.data,1,1,1,,False,False,False,False,True,True,,,,,,,,,,,,,,,,,0.6056758519262075,0.733626380097121,,,,,,,,,,,,,,
max_flow,erdos_renyi_directed_340_0.6.dimac_mf,cache_dir/max_flow/erdos_renyi_directed_340_0.6.dimac_mf,cache_dir/max_flow/erdos_renyi_directed_340_0.6.dimac_mf/erdos_renyi_directed_340_0.6.dimac_mf.mps,cache_dir/max_flow/erdos_renyi_directed_340_0.6.dimac_mf/erdos_renyi_directed_340_0.6.dimac_mf.std,cache_dir/max_flow/erdos_renyi_directed_340_0.6.dimac_mf/erdos_renyi_directed_340_0.6.dimac_mf.data,1,1,1,,False,False,False,False,True,True,,,,,,,,,,,,,,,,,0.5689200598280877,0.720891070086509,,,,,,,,,,,,,,
max_flow,erdos_renyi_directed_340_0.7.dimac_mf,cache_dir/max_flow/erdos_renyi_directed_340_0.7.dimac_mf,cache_dir/max_flow/erdos_renyi_directed_340_0.7.dimac_mf/erdos_renyi_directed_340_0.7.dimac_mf.mps,cache_dir/max_flow/erdos_renyi_directed_340_0.7.dimac_mf/erdos_renyi_directed_340_0.7.dimac_mf.std,cache_dir/max_flow/erdos_renyi_directed_340_0.7.dimac_mf/erdos_renyi_directed_340_0.7.dimac_mf.data,1,1,1,,False,False,False,False,True,True,,,,,,,,,,,,,,,,,0.7648016640450805,0.928897334029898,,,,,,,,,,,,,,
max_flow,erdos_renyi_directed_340_0.8.dimac_mf,cache_dir/max_flow/erdos_renyi_directed_340_0.8.dimac_mf,cache_dir/max_flow/erdos_renyi_directed_340_0.8.dimac_mf/erdos_renyi_directed_340_0.8.dimac_mf.mps,cache_dir/max_flow/erdos_renyi_directed_340_0.8.dimac_mf/erdos_renyi_directed_340_0.8.dimac_mf.std,cache_dir/max_flow/erdos_renyi_directed_340_0.8.dimac_mf/erdos_renyi_directed_340_0.8.dimac_mf.data,1,1,1,,False,False,False,False,True,True,,,,,,,,,,,,,,,,,0.8514351260382682,1.0496921688318253,,,,,,,,,,,,,,
max_flow,erdos_renyi_directed_340_0.9.dimac_mf,cache_dir/max_flow/erdos_renyi_directed_340_0.9.dimac_mf,cache_dir/max_flow/erdos_renyi_directed_340_0.9.dimac_mf/erdos_renyi_directed_340_0.9.dimac_mf.mps,cache_dir/max_flow/erdos_renyi_directed_340_0.9.dimac_mf/erdos_renyi_directed_340_0.9.dimac_mf.std,cache_dir/max_flow/erdos_renyi_directed_340_0.9.dimac_mf/erdos_renyi_directed_340_0.9.dimac_mf.data,1,1,1,,False,False,False,False,True,True,,,,,,,,,,,,,,,,,1.1317019660491496,1.3499670960009098,,,,,,,,,,,,,,
max_flow,erdos_renyi_directed_340_1.0.dimac_mf,cache_dir/max_flow/erdos_renyi_directed_340_1.0.dimac_mf,cache_dir/max_flow/erdos_renyi_directed_340_1.0.dimac_mf/erdos_renyi_directed_340_1.0.dimac_mf.mps,cache_dir/max_flow/erdos_renyi_directed_340_1.0.dimac_mf/erdos_renyi_directed_340_1.0.dimac_mf.std,cache_dir/max_flow/erdos_renyi_directed_340_1.0.dimac_mf/erdos_renyi_directed_340_1.0.dimac_mf.data,1,1,1,,False,False,False,False,True,True,,,,,,,,,,,,,,,,,0.7986984958406538,1.0209329789504409,,,,,,,,,,,,,,
max_flow,erdos_renyi_directed_350_0.5.dimac_mf,cache_dir/max_flow/erdos_renyi_directed_350_0.5.dimac_mf,cache_dir/max_flow/erdos_renyi_directed_350_0.5.dimac_mf/erdos_renyi_directed_350_0.5.dimac_mf.mps,cache_dir/max_flow/erdos_renyi_directed_350_0.5.dimac_mf/erdos_renyi_directed_350_0.5.dimac_mf.std,cache_dir/max_flow/erdos_renyi_directed_350_0.5.dimac_mf/erdos_renyi_directed_350_0.5.dimac_mf.data,1,1,1,,False,False,False,False,True,True,,,,,,,,,,,,,,,,,1.0181382128503174,1.1470491997897625,,,,,,,,,,,,,,
max_flow,erdos_renyi_directed_350_0.6.dimac_mf,cache_dir/max_flow/erdos_renyi_directed_350_0.6.dimac_mf,cache_dir/max_flow/erdos_renyi_directed_350_0.6.dimac_mf/erdos_renyi_directed_350_0.6.dimac_mf.mps,cache_dir/max_flow/erdos_renyi_directed_350_0.6.dimac_mf/erdos_renyi_directed_350_0.6.dimac_mf.std,cache_dir/max_flow/erdos_renyi_directed_350_0.6.dimac_mf/erdos_renyi_directed_350_0.6.dimac_mf.data,1,1,1,,False,False,False,False,True,True,,,,,,,,,,,,,,,,,0.7898109131492674,0.9481329028494656,,,,,,,,,,,,,,
max_flow,erdos_renyi_directed_350_0.7.dimac_mf,cache_dir/max_flow/erdos_renyi_directed_350_0.7.dimac_mf,cache_dir/max_flow/erdos_renyi_directed_350_0.7.dimac_mf/erdos_renyi_directed_350_0.7.dimac_mf.mps,cache_dir/max_flow/erdos_renyi_directed_350_0.7.dimac_mf/erdos_renyi_directed_350_0.7.dimac_mf.std,cache_dir/max_flow/erdos_renyi_directed_350_0.7.dimac_mf/erdos_renyi_directed_350_0.7.dimac_mf.data,1,1,1,,False,False,False,False,True,True,,,,,,,,,,,,,,,,,0.8832719339989126,1.0576642809901386,,,,,,,,,,,,,,
max_flow,erdos_renyi_directed_350_0.8.dimac_mf,cache_dir/max_flow/erdos_renyi_directed_350_0.8.dimac_mf,cache_dir/max_flow/erdos_renyi_directed_350_0.8.dimac_mf/erdos_renyi_directed_350_0.8.dimac_mf.mps,cache_dir/max_flow/erdos_renyi_directed_350_0.8.dimac_mf/erdos_renyi_directed_350_0.8.dimac_mf.std,cache_dir/max_flow/erdos_renyi_directed_350_0.8.dimac_mf/erdos_renyi_directed_350_0.8.dimac_mf.data,1,1,1,,False,False,False,False,True,True,,,,,,,,,,,,,,,,,0.8812820599414408,1.0779739329591393,,,,,,,,,,,,,,
max_flow,erdos_renyi_directed_350_0.9.dimac_mf,cache_dir/max_flow/erdos_renyi_directed_350_0.9.dimac_mf,cache_dir/max_flow/erdos_renyi_directed_350_0.9.dimac_mf/erdos_renyi_directed_350_0.9.dimac_mf.mps,cache_dir/max_flow/erdos_renyi_directed_350_0.9.dimac_mf/erdos_renyi_directed_350_0.9.dimac_mf.std,cache_dir/max_flow/erdos_renyi_directed_350_0.9.dimac_mf/erdos_renyi_directed_350_0.9.dimac_mf.data,1,1,1,,False,False,False,False,True,True,,,,,,,,,,,,,,,,,0.8794802271295339,1.099339208099991,,,,,,,,,,,,,,
max_flow,erdos_renyi_directed_350_1.0.dimac_mf,cache_dir/max_flow/erdos_renyi_directed_350_1.0.dimac_mf,cache_dir/max_flow/erdos_renyi_directed_350_1.0.dimac_mf/erdos_renyi_directed_350_1.0.dimac_mf.mps,cache_dir/max_flow/erdos_renyi_directed_350_1.0.dimac_mf/erdos_renyi_directed_350_1.0.dimac_mf.std,cache_dir/max_flow/erdos_renyi_directed_350_1.0.dimac_mf/erdos_renyi_directed_350_1.0.dimac_mf.data,1,1,1,,False,False,False,False,True,True,,,,,,,,,,,,,,,,,0.9137648900505155,1.1353801970835775,,,,,,,,,,,,,,
max_flow,erdos_renyi_directed_360_0.4.dimac_mf,cache_dir/max_flow/erdos_renyi_directed_360_0.4.dimac_mf,cache_dir/max_flow/erdos_renyi_directed_360_0.4.dimac_mf/erdos_renyi_directed_360_0.4.dimac_mf.mps,cache_dir/max_flow/erdos_renyi_directed_360_0.4.dimac_mf/erdos_renyi_directed_360_0.4.dimac_mf.std,cache_dir/max_flow/erdos_renyi_directed_360_0.4.dimac_mf/erdos_renyi_directed_360_0.4.dimac_mf.data,1,1,1,,False,False,False,False,True,True,,,,,,,,,,,,,,,,,0.6935845739208162,0.8031830100808293,,,,,,,,,,,,,,
max_flow,erdos_renyi_directed_360_0.5.dimac_mf,cache_dir/max_flow/erdos_renyi_directed_360_0.5.dimac_mf,cache_dir/max_flow/erdos_renyi_directed_360_0.5.dimac_mf/erdos_renyi_directed_360_0.5.dimac_mf.mps,cache_dir/max_flow/erdos_renyi_directed_360_0.5.dimac_mf/erdos_renyi_directed_360_0.5.dimac_mf.std,cache_dir/max_flow/erdos_renyi_directed_360_0.5.dimac_mf/erdos_renyi_directed_360_0.5.dimac_mf.data,1,1,1,,False,False,False,False,True,True,,,,,,,,,,,,,,,,,0.9031092699151486,1.0470789750106633,,,,,,,,,,,,,,
max_flow,erdos_renyi_directed_360_0.6.dimac_mf,cache_dir/max_flow/erdos_renyi_directed_360_0.6.dimac_mf,cache_dir/max_flow/erdos_renyi_directed_360_0.6.dimac_mf/erdos_renyi_directed_360_0.6.dimac_mf.mps,cache_dir/max_flow/erdos_renyi_directed_360_0.6.dimac_mf/erdos_renyi_directed_360_0.6.dimac_mf.std,cache_dir/max_flow/erdos_renyi_directed_360_0.6.dimac_mf/erdos_renyi_directed_360_0.6.dimac_mf.data,1,1,1,,False,False,False,False,True,True,,,,,,,,,,,,,,,,,1.3959254189394414,1.574837477877736,,,,,,,,,,,,,,
max_flow,erdos_renyi_directed_360_0.7.dimac_mf,cache_dir/max_flow/erdos_renyi_directed_360_0.7.dimac_mf,cache_dir/max_flow/erdos_renyi_directed_360_0.7.dimac_mf/erdos_renyi_directed_360_0.7.dimac_mf.mps,cache_dir/max_flow/erdos_renyi_directed_360_0.7.dimac_mf/erdos_renyi_directed_360_0.7.dimac_mf.std,cache_dir/max_flow/erdos_renyi_directed_360_0.7.dimac_mf/erdos_renyi_directed_360_0.7.dimac_mf.data,1,1,1,,False,False,False,False,True,True,,,,,,,,,,,,,,,,,0.7364580670837313,0.9303769860416651,,,,,,,,,,,,,,
max_flow,erdos_renyi_directed_360_0.8.dimac_mf,cache_dir/max_flow/erdos_renyi_directed_360_0.8.dimac_mf,cache_dir/max_flow/erdos_renyi_directed_360_0.8.dimac_mf/erdos_renyi_directed_360_0.8.dimac_mf.mps,cache_dir/max_flow/erdos_renyi_directed_360_0.8.dimac_mf/erdos_renyi_directed_360_0.8.dimac_mf.std,cache_dir/max_flow/erdos_renyi_directed_360_0.8.dimac_mf/erdos_renyi_directed_360_0.8.dimac_mf.data,1,1,1,,False,False,False,False,True,True,,,,,,,,,,,,,,,,,1.837771127000451,2.042025623144582,,,,,,,,,,,,,,
max_flow,erdos_renyi_directed_360_0.9.dimac_mf,cache_dir/max_flow/erdos_renyi_directed_360_0.9.dimac_mf,cache_dir/max_flow/erdos_renyi_directed_360_0.9.dimac_mf/erdos_renyi_directed_360_0.9.dimac_mf.mps,cache_dir/max_flow/erdos_renyi_directed_360_0.9.dimac_mf/erdos_renyi_directed_360_0.9.dimac_mf.std,cache_dir/max_flow/erdos_renyi_directed_360_0.9.dimac_mf/erdos_renyi_directed_360_0.9.dimac_mf.data,1,1,1,,False,False,False,False,True,True,,,,,,,,,,,,,,,,,1.534400284057483,1.7731139459647238,,,,,,,,,,,,,,
max_flow,erdos_renyi_directed_360_1.0.dimac_mf,cache_dir/max_flow/erdos_renyi_directed_360_1.0.dimac_mf,cache_dir/max_flow/erdos_renyi_directed_360_1.0.dimac_mf/erdos_renyi_directed_360_1.0.dimac_mf.mps,cache_dir/max_flow/erdos_renyi_directed_360_1.0.dimac_mf/erdos_renyi_directed_360_1.0.dimac_mf.std,cache_dir/max_flow/erdos_renyi_directed_360_1.0.dimac_mf/erdos_renyi_directed_360_1.0.dimac_mf.data,1,1,1,,False,False,False,False,True,True,,,,,,,,,,,,,,,,,1.0575059519615024,1.3054777870420367,,,,,,,,,,,,,,
max_flow,erdos_renyi_directed_370_0.4.dimac_mf,cache_dir/max_flow/erdos_renyi_directed_370_0.4.dimac_mf,cache_dir/max_flow/erdos_renyi_directed_370_0.4.dimac_mf/erdos_renyi_directed_370_0.4.dimac_mf.mps,cache_dir/max_flow/erdos_renyi_directed_370_0.4.dimac_mf/erdos_renyi_directed_370_0.4.dimac_mf.std,cache_dir/max_flow/erdos_renyi_directed_370_0.4.dimac_mf/erdos_renyi_directed_370_0.4.dimac_mf.data,1,1,1,,False,False,False,False,True,True,,,,,,,,,,,,,,,,,1.3872515158727765,1.5119520619045943,,,,,,,,,,,,,,
max_flow,erdos_renyi_directed_370_0.5.dimac_mf,cache_dir/max_flow/erdos_renyi_directed_370_0.5.dimac_mf,cache_dir/max_flow/erdos_renyi_directed_370_0.5.dimac_mf/erdos_renyi_directed_370_0.5.dimac_mf.mps,cache_dir/max_flow/erdos_renyi_directed_370_0.5.dimac_mf/erdos_renyi_directed_370_0.5.dimac_mf.std,cache_dir/max_flow/erdos_renyi_directed_370_0.5.dimac_mf/erdos_renyi_directed_370_0.5.dimac_mf.data,1,1,1,,False,False,False,False,True,True,,,,,,,,,,,,,,,,,0.9781348779797554,1.124708804069087,,,,,,,,,,,,,,
max_flow,erdos_renyi_directed_370_0.6.dimac_mf,cache_dir/max_flow/erdos_renyi_directed_370_0.6.dimac_mf,cache_dir/max_flow/erdos_renyi_directed_370_0.6.dimac_mf/erdos_renyi_directed_370_0.6.dimac_mf.mps,cache_dir/max_flow/erdos_renyi_directed_370_0.6.dimac_mf/erdos_renyi_directed_370_0.6.dimac_mf.std,cache_dir/max_flow/erdos_renyi_directed_370_0.6.dimac_mf/erdos_renyi_directed_370_0.6.dimac_mf.data,1,1,1,,False,False,False,False,True,True,,,,,,,,,,,,,,,,,0.753326223930344,0.9296204037964344,,,,,,,,,,,,,,
max_flow,erdos_renyi_directed_370_0.7.dimac_mf,cache_dir/max_flow/erdos_renyi_directed_370_0.7.dimac_mf,cache_dir/max_flow/erdos_renyi_directed_370_0.7.dimac_mf/erdos_renyi_directed_370_0.7.dimac_mf.mps,cache_dir/max_flow/erdos_renyi_directed_370_0.7.dimac_mf/erdos_renyi_directed_370_0.7.dimac_mf.std,cache_dir/max_flow/erdos_renyi_directed_370_0.7.dimac_mf/erdos_renyi_directed_370_0.7.dimac_mf.data,1,1,1,,False,False,False,False,True,True,,,,,,,,,,,,,,,,,1.149946518940851,1.333162700990215,,,,,,,,,,,,,,
max_flow,erdos_renyi_directed_370_0.8.dimac_mf,cache_dir/max_flow/erdos_renyi_directed_370_0.8.dimac_mf,cache_dir/max_flow/erdos_renyi_directed_370_0.8.dimac_mf/erdos_renyi_directed_370_0.8.dimac_mf.mps,cache_dir/max_flow/erdos_renyi_directed_370_0.8.dimac_mf/erdos_renyi_directed_370_0.8.dimac_mf.std,cache_dir/max_flow/erdos_renyi_directed_370_0.8.dimac_mf/erdos_renyi_directed_370_0.8.dimac_mf.data,1,1,1,,False,False,False,False,True,True,,,,,,,,,,,,,,,,,1.051537327002734,1.2563060838729143,,,,,,,,,,,,,,
max_flow,erdos_renyi_directed_370_0.9.dimac_mf,cache_dir/max_flow/erdos_renyi_directed_370_0.9.dimac_mf,cache_dir/max_flow/erdos_renyi_directed_370_0.9.dimac_mf/erdos_renyi_directed_370_0.9.dimac_mf.mps,cache_dir/max_flow/erdos_renyi_directed_370_0.9.dimac_mf/erdos_renyi_directed_370_0.9.dimac_mf.std,cache_dir/max_flow/erdos_renyi_directed_370_0.9.dimac_mf/erdos_renyi_directed_370_0.9.dimac_mf.data,1,1,1,,False,False,False,False,True,True,,,,,,,,,,,,,,,,,1.0042406159918755,1.233871159143746,,,,,,,,,,,,,,
max_flow,erdos_renyi_directed_370_1.0.dimac_mf,cache_dir/max_flow/erdos_renyi_directed_370_1.0.dimac_mf,cache_dir/max_flow/erdos_renyi_directed_370_1.0.dimac_mf/erdos_renyi_directed_370_1.0.dimac_mf.mps,cache_dir/max_flow/erdos_renyi_directed_370_1.0.dimac_mf/erdos_renyi_directed_370_1.0.dimac_mf.std,cache_dir/max_flow/erdos_renyi_directed_370_1.0.dimac_mf/erdos_renyi_directed_370_1.0.dimac_mf.data,1,1,1,,False,False,False,False,True,True,,,,,,,,,,,,,,,,,1.1281778900884092,1.3904990281444043,,,,,,,,,,,,,,
max_flow,erdos_renyi_directed_380_0.4.dimac_mf,cache_dir/max_flow/erdos_renyi_directed_380_0.4.dimac_mf,cache_dir/max_flow/erdos_renyi_directed_380_0.4.dimac_mf/erdos_renyi_directed_380_0.4.dimac_mf.mps,cache_dir/max_flow/erdos_renyi_directed_380_0.4.dimac_mf/erdos_renyi_directed_380_0.4.dimac_mf.std,cache_dir/max_flow/erdos_renyi_directed_380_0.4.dimac_mf/erdos_renyi_directed_380_0.4.dimac_mf.data,1,1,1,,False,False,False,False,True,True,,,,,,,,,,,,,,,,,0.47678797598928213,0.6050754650495946,,,,,,,,,,,,,,
max_flow,erdos_renyi_directed_380_0.5.dimac_mf,cache_dir/max_flow/erdos_renyi_directed_380_0.5.dimac_mf,cache_dir/max_flow/erdos_renyi_directed_380_0.5.dimac_mf/erdos_renyi_directed_380_0.5.dimac_mf.mps,cache_dir/max_flow/erdos_renyi_directed_380_0.5.dimac_mf/erdos_renyi_directed_380_0.5.dimac_mf.std,cache_dir/max_flow/erdos_renyi_directed_380_0.5.dimac_mf/erdos_renyi_directed_380_0.5.dimac_mf.data,1,1,1,,False,False,False,False,True,True,,,,,,,,,,,,,,,,,1.4184242731425911,1.5770817110314965,,,,,,,,,,,,,,
max_flow,erdos_renyi_directed_380_0.6.dimac_mf,cache_dir/max_flow/erdos_renyi_directed_380_0.6.dimac_mf,cache_dir/max_flow/erdos_renyi_directed_380_0.6.dimac_mf/erdos_renyi_directed_380_0.6.dimac_mf.mps,cache_dir/max_flow/erdos_renyi_directed_380_0.6.dimac_mf/erdos_renyi_directed_380_0.6.dimac_mf.std,cache_dir/max_flow/erdos_renyi_directed_380_0.6.dimac_mf/erdos_renyi_directed_380_0.6.dimac_mf.data,1,1,1,,False,False,False,False,True,True,,,,,,,,,,,,,,,,,1.3416915819980204,1.5147693599574268,,,,,,,,,,,,,,
max_flow,erdos_renyi_directed_380_0.7.dimac_mf,cache_dir/max_flow/erdos_renyi_directed_380_0.7.dimac_mf,cache_dir/max_flow/erdos_renyi_directed_380_0.7.dimac_mf/erdos_renyi_directed_380_0.7.dimac_mf.mps,cache_dir/max_flow/erdos_renyi_directed_380_0.7.dimac_mf/erdos_renyi_directed_380_0.7.dimac_mf.std,cache_dir/max_flow/erdos_renyi_directed_380_0.7.dimac_mf/erdos_renyi_directed_380_0.7.dimac_mf.data,1,1,1,,False,False,False,False,True,True,,,,,,,,,,,,,,,,,0.9187718690373003,1.124579249881208,,,,,,,,,,,,,,
max_flow,erdos_renyi_directed_380_0.8.dimac_mf,cache_dir/max_flow/erdos_renyi_directed_380_0.8.dimac_mf,cache_dir/max_flow/erdos_renyi_directed_380_0.8.dimac_mf/erdos_renyi_directed_380_0.8.dimac_mf.mps,cache_dir/max_flow/erdos_renyi_directed_380_0.8.dimac_mf/erdos_renyi_directed_380_0.8.dimac_mf.std,cache_dir/max_flow/erdos_renyi_directed_380_0.8.dimac_mf/erdos_renyi_directed_380_0.8.dimac_mf.data,1,1,1,,False,False,False,False,True,True,,,,,,,,,,,,,,,,,1.1760749730747193,1.3896142898593098,,,,,,,,,,,,,,
max_flow,erdos_renyi_directed_380_0.9.dimac_mf,cache_dir/max_flow/erdos_renyi_directed_380_0.9.dimac_mf,cache_dir/max_flow/erdos_renyi_directed_380_0.9.dimac_mf/erdos_renyi_directed_380_0.9.dimac_mf.mps,cache_dir/max_flow/erdos_renyi_directed_380_0.9.dimac_mf/erdos_renyi_directed_380_0.9.dimac_mf.std,cache_dir/max_flow/erdos_renyi_directed_380_0.9.dimac_mf/erdos_renyi_directed_380_0.9.dimac_mf.data,1,1,1,,False,False,False,False,True,True,,,,,,,,,,,,,,,,,2.4591653258539736,2.6910521818790585,,,,,,,,,,,,,,
max_flow,erdos_renyi_directed_380_1.0.dimac_mf,cache_dir/max_flow/erdos_renyi_directed_380_1.0.dimac_mf,cache_dir/max_flow/erdos_renyi_directed_380_1.0.dimac_mf/erdos_renyi_directed_380_1.0.dimac_mf.mps,cache_dir/max_flow/erdos_renyi_directed_380_1.0.dimac_mf/erdos_renyi_directed_380_1.0.dimac_mf.std,cache_dir/max_flow/erdos_renyi_directed_380_1.0.dimac_mf/erdos_renyi_directed_380_1.0.dimac_mf.data,1,1,1,,False,False,False,False,True,True,,,,,,,,,,,,,,,,,2.570628627901897,2.836258277995512,,,,,,,,,,,,,,
max_flow,erdos_renyi_directed_390_0.4.dimac_mf,cache_dir/max_flow/erdos_renyi_directed_390_0.4.dimac_mf,cache_dir/max_flow/erdos_renyi_directed_390_0.4.dimac_mf/erdos_renyi_directed_390_0.4.dimac_mf.mps,cache_dir/max_flow/erdos_renyi_directed_390_0.4.dimac_mf/erdos_renyi_directed_390_0.4.dimac_mf.std,cache_dir/max_flow/erdos_renyi_directed_390_0.4.dimac_mf/erdos_renyi_directed_390_0.4.dimac_mf.data,1,1,1,,False,False,False,False,True,True,,,,,,,,,,,,,,,,,0.907113318098709,1.0342447159346193,,,,,,,,,,,,,,
max_flow,erdos_renyi_directed_390_0.5.dimac_mf,cache_dir/max_flow/erdos_renyi_directed_390_0.5.dimac_mf,cache_dir/max_flow/erdos_renyi_directed_390_0.5.dimac_mf/erdos_renyi_directed_390_0.5.dimac_mf.mps,cache_dir/max_flow/erdos_renyi_directed_390_0.5.dimac_mf/erdos_renyi_directed_390_0.5.dimac_mf.std,cache_dir/max_flow/erdos_renyi_directed_390_0.5.dimac_mf/erdos_renyi_directed_390_0.5.dimac_mf.data,1,1,1,,False,False,False,False,True,True,,,,,,,,,,,,,,,,,0.6480230600573123,0.8016162081621587,,,,,,,,,,,,,,
max_flow,erdos_renyi_directed_390_0.6.dimac_mf,cache_dir/max_flow/erdos_renyi_directed_390_0.6.dimac_mf,cache_dir/max_flow/erdos_renyi_directed_390_0.6.dimac_mf/erdos_renyi_directed_390_0.6.dimac_mf.mps,cache_dir/max_flow/erdos_renyi_directed_390_0.6.dimac_mf/erdos_renyi_directed_390_0.6.dimac_mf.std,cache_dir/max_flow/erdos_renyi_directed_390_0.6.dimac_mf/erdos_renyi_directed_390_0.6.dimac_mf.data,1,1,1,,False,False,False,False,True,True,,,,,,,,,,,,,,,,,0.9330911210272461,1.099669283023104,,,,,,,,,,,,,,
max_flow,erdos_renyi_directed_390_0.7.dimac_mf,cache_dir/max_flow/erdos_renyi_directed_390_0.7.dimac_mf,cache_dir/max_flow/erdos_renyi_directed_390_0.7.dimac_mf/erdos_renyi_directed_390_0.7.dimac_mf.mps,cache_dir/max_flow/erdos_renyi_directed_390_0.7.dimac_mf/erdos_renyi_directed_390_0.7.dimac_mf.std,cache_dir/max_flow/erdos_renyi_directed_390_0.7.dimac_mf/erdos_renyi_directed_390_0.7.dimac_mf.data,1,1,1,,False,False,False,False,True,True,,,,,,,,,,,,,,,,,1.6548241251148283,1.864044199930504,,,,,,,,,,,,,,
max_flow,erdos_renyi_directed_390_0.8.dimac_mf,cache_dir/max_flow/erdos_renyi_directed_390_0.8.dimac_mf,cache_dir/max_flow/erdos_renyi_directed_390_0.8.dimac_mf/erdos_renyi_directed_390_0.8.dimac_mf.mps,cache_dir/max_flow/erdos_renyi_directed_390_0.8.dimac_mf/erdos_renyi_directed_390_0.8.dimac_mf.std,cache_dir/max_flow/erdos_renyi_directed_390_0.8.dimac_mf/erdos_renyi_directed_390_0.8.dimac_mf.data,1,1,1,,False,False,False,False,True,True,,,,,,,,,,,,,,,,,1.2573025340680033,1.4972629670519382,,,,,,,,,,,,,,
max_flow,erdos_renyi_directed_390_0.9.dimac_mf,cache_dir/max_flow/erdos_renyi_directed_390_0.9.dimac_mf,cache_dir/max_flow/erdos_renyi_directed_390_0.9.dimac_mf/erdos_renyi_directed_390_0.9.dimac_mf.mps,cache_dir/max_flow/erdos_renyi_directed_390_0.9.dimac_mf/erdos_renyi_directed_390_0.9.dimac_mf.std,cache_dir/max_flow/erdos_renyi_directed_390_0.9.dimac_mf/erdos_renyi_directed_390_0.9.dimac_mf.data,1,1,1,,False,False,False,False,True,True,,,,,,,,,,,,,,,,,1.2229856019839644,1.453680648934096,,,,,,,,,,,,,,
max_flow,erdos_renyi_directed_390_1.0.dimac_mf,cache_dir/max_flow/erdos_renyi_directed_390_1.0.dimac_mf,cache_dir/max_flow/erdos_renyi_directed_390_1.0.dimac_mf/erdos_renyi_directed_390_1.0.dimac_mf.mps,cache_dir/max_flow/erdos_renyi_directed_390_1.0.dimac_mf/erdos_renyi_directed_390_1.0.dimac_mf.std,cache_dir/max_flow/erdos_renyi_directed_390_1.0.dimac_mf/erdos_renyi_directed_390_1.0.dimac_mf.data,1,1,1,,False,False,False,False,True,True,,,,,,,,,,,,,,,,,1.266711053904146,1.5389239529613405,,,,,,,,,,,,,,
max_flow,erdos_renyi_directed_400_0.4.dimac_mf,cache_dir/max_flow/erdos_renyi_directed_400_0.4.dimac_mf,cache_dir/max_flow/erdos_renyi_directed_400_0.4.dimac_mf/erdos_renyi_directed_400_0.4.dimac_mf.mps,cache_dir/max_flow/erdos_renyi_directed_400_0.4.dimac_mf/erdos_renyi_directed_400_0.4.dimac_mf.std,cache_dir/max_flow/erdos_renyi_directed_400_0.4.dimac_mf/erdos_renyi_directed_400_0.4.dimac_mf.data,1,1,1,,False,False,False,False,True,True,,,,,,,,,,,,,,,,,0.6718237849418074,0.8085130760446191,,,,,,,,,,,,,,
max_flow,erdos_renyi_directed_400_0.5.dimac_mf,cache_dir/max_flow/erdos_renyi_directed_400_0.5.dimac_mf,cache_dir/max_flow/erdos_renyi_directed_400_0.5.dimac_mf/erdos_renyi_directed_400_0.5.dimac_mf.mps,cache_dir/max_flow/erdos_renyi_directed_400_0.5.dimac_mf/erdos_renyi_directed_400_0.5.dimac_mf.std,cache_dir/max_flow/erdos_renyi_directed_400_0.5.dimac_mf/erdos_renyi_directed_400_0.5.dimac_mf.data,1,1,1,,False,False,False,False,True,True,,,,,,,,,,,,,,,,,1.8786695171147585,2.05296651693061,,,,,,,,,,,,,,
max_flow,erdos_renyi_directed_400_0.6.dimac_mf,cache_dir/max_flow/erdos_renyi_directed_400_0.6.dimac_mf,cache_dir/max_flow/erdos_renyi_directed_400_0.6.dimac_mf/erdos_renyi_directed_400_0.6.dimac_mf.mps,cache_dir/max_flow/erdos_renyi_directed_400_0.6.dimac_mf/erdos_renyi_directed_400_0.6.dimac_mf.std,cache_dir/max_flow/erdos_renyi_directed_400_0.6.dimac_mf/erdos_renyi_directed_400_0.6.dimac_mf.data,1,1,1,,False,False,False,False,True,True,,,,,,,,,,,,,,,,,2.5475089829415083,2.739835192915052,,,,,,,,,,,,,,
max_flow,erdos_renyi_directed_400_0.7.dimac_mf,cache_dir/max_flow/erdos_renyi_directed_400_0.7.dimac_mf,cache_dir/max_flow/erdos_renyi_directed_400_0.7.dimac_mf/erdos_renyi_directed_400_0.7.dimac_mf.mps,cache_dir/max_flow/erdos_renyi_directed_400_0.7.dimac_mf/erdos_renyi_directed_400_0.7.dimac_mf.std,cache_dir/max_flow/erdos_renyi_directed_400_0.7.dimac_mf/erdos_renyi_directed_400_0.7.dimac_mf.data,1,1,1,,False,False,False,False,True,True,,,,,,,,,,,,,,,,,1.2281945431604981,1.4459051380399615,,,,,,,,,,,,,,
max_flow,erdos_renyi_directed_400_0.8.dimac_mf,cache_dir/max_flow/erdos_renyi_directed_400_0.8.dimac_mf,cache_dir/max_flow/erdos_renyi_directed_400_0.8.dimac_mf/erdos_renyi_directed_400_0.8.dimac_mf.mps,cache_dir/max_flow/erdos_renyi_directed_400_0.8.dimac_mf/erdos_renyi_directed_400_0.8.dimac_mf.std,cache_dir/max_flow/erdos_renyi_directed_400_0.8.dimac_mf/erdos_renyi_directed_400_0.8.dimac_mf.data,1,1,1,,False,False,False,False,True,True,,,,,,,,,,,,,,,,,1.808512754039839,2.045141662005335,,,,,,,,,,,,,,
max_flow,erdos_renyi_directed_400_0.9.dimac_mf,cache_dir/max_flow/erdos_renyi_directed_400_0.9.dimac_mf,cache_dir/max_flow/erdos_renyi_directed_400_0.9.dimac_mf/erdos_renyi_directed_400_0.9.dimac_mf.mps,cache_dir/max_flow/erdos_renyi_directed_400_0.9.dimac_mf/erdos_renyi_directed_400_0.9.dimac_mf.std,cache_dir/max_flow/erdos_renyi_directed_400_0.9.dimac_mf/erdos_renyi_directed_400_0.9.dimac_mf.data,1,1,1,,False,False,False,False,True,True,,,,,,,,,,,,,,,,,2.377411891007796,2.6201811970677227,,,,,,,,,,,,,,
max_flow,erdos_renyi_directed_400_1.0.dimac_mf,cache_dir/max_flow/erdos_renyi_directed_400_1.0.dimac_mf,cache_dir/max_flow/erdos_renyi_directed_400_1.0.dimac_mf/erdos_renyi_directed_400_1.0.dimac_mf.mps,cache_dir/max_flow/erdos_renyi_directed_400_1.0.dimac_mf/erdos_renyi_directed_400_1.0.dimac_mf.std,cache_dir/max_flow/erdos_renyi_directed_400_1.0.dimac_mf/erdos_renyi_directed_400_1.0.dimac_mf.data,1,1,1,,False,False,False,False,True,True,,,,,,,,,,,,,,,,,1.5034587001428008,1.7936746790073812,,,,,,,,,,,,,,
max_flow,erdos_renyi_directed_410_0.3.dimac_mf,cache_dir/max_flow/erdos_renyi_directed_410_0.3.dimac_mf,cache_dir/max_flow/erdos_renyi_directed_410_0.3.dimac_mf/erdos_renyi_directed_410_0.3.dimac_mf.mps,cache_dir/max_flow/erdos_renyi_directed_410_0.3.dimac_mf/erdos_renyi_directed_410_0.3.dimac_mf.std,cache_dir/max_flow/erdos_renyi_directed_410_0.3.dimac_mf/erdos_renyi_directed_410_0.3.dimac_mf.data,1,1,1,,False,False,False,False,True,True,,,,,,,,,,,,,,,,,0.4820524509996176,0.5898827989585698,,,,,,,,,,,,,,
max_flow,erdos_renyi_directed_410_0.4.dimac_mf,cache_dir/max_flow/erdos_renyi_directed_410_0.4.dimac_mf,cache_dir/max_flow/erdos_renyi_directed_410_0.4.dimac_mf/erdos_renyi_directed_410_0.4.dimac_mf.mps,cache_dir/max_flow/erdos_renyi_directed_410_0.4.dimac_mf/erdos_renyi_directed_410_0.4.dimac_mf.std,cache_dir/max_flow/erdos_renyi_directed_410_0.4.dimac_mf/erdos_renyi_directed_410_0.4.dimac_mf.data,1,1,1,,False,False,False,False,True,True,,,,,,,,,,,,,,,,,1.0076848838943988,1.143104593968019,,,,,,,,,,,,,,
max_flow,erdos_renyi_directed_410_0.5.dimac_mf,cache_dir/max_flow/erdos_renyi_directed_410_0.5.dimac_mf,cache_dir/max_flow/erdos_renyi_directed_410_0.5.dimac_mf/erdos_renyi_directed_410_0.5.dimac_mf.mps,cache_dir/max_flow/erdos_renyi_directed_410_0.5.dimac_mf/erdos_renyi_directed_410_0.5.dimac_mf.std,cache_dir/max_flow/erdos_renyi_directed_410_0.5.dimac_mf/erdos_renyi_directed_410_0.5.dimac_mf.data,1,1,1,,False,False,False,False,True,True,,,,,,,,,,,,,,,,,0.9924799669533968,1.162652914179489,,,,,,,,,,,,,,
max_flow,erdos_renyi_directed_410_0.6.dimac_mf,cache_dir/max_flow/erdos_renyi_directed_410_0.6.dimac_mf,cache_dir/max_flow/erdos_renyi_directed_410_0.6.dimac_mf/erdos_renyi_directed_410_0.6.dimac_mf.mps,cache_dir/max_flow/erdos_renyi_directed_410_0.6.dimac_mf/erdos_renyi_directed_410_0.6.dimac_mf.std,cache_dir/max_flow/erdos_renyi_directed_410_0.6.dimac_mf/erdos_renyi_directed_410_0.6.dimac_mf.data,1,1,1,,False,False,False,False,True,True,,,,,,,,,,,,,,,,,0.9671003720723093,1.1690811929292977,,,,,,,,,,,,,,
max_flow,erdos_renyi_directed_410_0.7.dimac_mf,cache_dir/max_flow/erdos_renyi_directed_410_0.7.dimac_mf,cache_dir/max_flow/erdos_renyi_directed_410_0.7.dimac_mf/erdos_renyi_directed_410_0.7.dimac_mf.mps,cache_dir/max_flow/erdos_renyi_directed_410_0.7.dimac_mf/erdos_renyi_directed_410_0.7.dimac_mf.std,cache_dir/max_flow/erdos_renyi_directed_410_0.7.dimac_mf/erdos_renyi_directed_410_0.7.dimac_mf.data,1,1,1,,False,False,False,False,True,True,,,,,,,,,,,,,,,,,1.5950553889852017,1.808224871987477,,,,,,,,,,,,,,
max_flow,erdos_renyi_directed_410_0.8.dimac_mf,cache_dir/max_flow/erdos_renyi_directed_410_0.8.dimac_mf,cache_dir/max_flow/erdos_renyi_directed_410_0.8.dimac_mf/erdos_renyi_directed_410_0.8.dimac_mf.mps,cache_dir/max_flow/erdos_renyi_directed_410_0.8.dimac_mf/erdos_renyi_directed_410_0.8.dimac_mf.std,cache_dir/max_flow/erdos_renyi_directed_410_0.8.dimac_mf/erdos_renyi_directed_410_0.8.dimac_mf.data,1,1,1,,False,False,False,False,True,True,,,,,,,,,,,,,,,,,1.9517397431191057,2.200412787962705,,,,,,,,,,,,,,
max_flow,erdos_renyi_directed_410_0.9.dimac_mf,cache_dir/max_flow/erdos_renyi_directed_410_0.9.dimac_mf,cache_dir/max_flow/erdos_renyi_directed_410_0.9.dimac_mf/erdos_renyi_directed_410_0.9.dimac_mf.mps,cache_dir/max_flow/erdos_renyi_directed_410_0.9.dimac_mf/erdos_renyi_directed_410_0.9.dimac_mf.std,cache_dir/max_flow/erdos_renyi_directed_410_0.9.dimac_mf/erdos_renyi_directed_410_0.9.dimac_mf.data,1,1,1,,False,False,False,False,True,True,,,,,,,,,,,,,,,,,1.8598225438036025,2.1096788719296455,,,,,,,,,,,,,,
max_flow,erdos_renyi_directed_410_1.0.dimac_mf,cache_dir/max_flow/erdos_renyi_directed_410_1.0.dimac_mf,cache_dir/max_flow/erdos_renyi_directed_410_1.0.dimac_mf/erdos_renyi_directed_410_1.0.dimac_mf.mps,cache_dir/max_flow/erdos_renyi_directed_410_1.0.dimac_mf/erdos_renyi_directed_410_1.0.dimac_mf.std,cache_dir/max_flow/erdos_renyi_directed_410_1.0.dimac_mf/erdos_renyi_directed_410_1.0.dimac_mf.data,1,1,1,,False,False,False,False,True,True,,,,,,,,,,,,,,,,,1.5762816648930311,1.8669654161203653,,,,,,,,,,,,,,
max_flow,erdos_renyi_directed_420_0.3.dimac_mf,cache_dir/max_flow/erdos_renyi_directed_420_0.3.dimac_mf,cache_dir/max_flow/erdos_renyi_directed_420_0.3.dimac_mf/erdos_renyi_directed_420_0.3.dimac_mf.mps,cache_dir/max_flow/erdos_renyi_directed_420_0.3.dimac_mf/erdos_renyi_directed_420_0.3.dimac_mf.std,cache_dir/max_flow/erdos_renyi_directed_420_0.3.dimac_mf/erdos_renyi_directed_420_0.3.dimac_mf.data,1,1,1,,False,False,False,False,True,True,,,,,,,,,,,,,,,,,0.6202416480518878,0.7325330511666834,,,,,,,,,,,,,,
max_flow,erdos_renyi_directed_420_0.4.dimac_mf,cache_dir/max_flow/erdos_renyi_directed_420_0.4.dimac_mf,cache_dir/max_flow/erdos_renyi_directed_420_0.4.dimac_mf/erdos_renyi_directed_420_0.4.dimac_mf.mps,cache_dir/max_flow/erdos_renyi_directed_420_0.4.dimac_mf/erdos_renyi_directed_420_0.4.dimac_mf.std,cache_dir/max_flow/erdos_renyi_directed_420_0.4.dimac_mf/erdos_renyi_directed_420_0.4.dimac_mf.data,1,1,1,,False,False,False,False,True,True,,,,,,,,,,,,,,,,,0.8363088120240718,0.9789973511360586,,,,,,,,,,,,,,
max_flow,erdos_renyi_directed_420_0.5.dimac_mf,cache_dir/max_flow/erdos_renyi_directed_420_0.5.dimac_mf,cache_dir/max_flow/erdos_renyi_directed_420_0.5.dimac_mf/erdos_renyi_directed_420_0.5.dimac_mf.mps,cache_dir/max_flow/erdos_renyi_directed_420_0.5.dimac_mf/erdos_renyi_directed_420_0.5.dimac_mf.std,cache_dir/max_flow/erdos_renyi_directed_420_0.5.dimac_mf/erdos_renyi_directed_420_0.5.dimac_mf.data,1,1,1,,False,False,False,False,True,True,,,,,,,,,,,,,,,,,0.9348106719553471,1.108728911029175,,,,,,,,,,,,,,
max_flow,erdos_renyi_directed_420_0.6.dimac_mf,cache_dir/max_flow/erdos_renyi_directed_420_0.6.dimac_mf,cache_dir/max_flow/erdos_renyi_directed_420_0.6.dimac_mf/erdos_renyi_directed_420_0.6.dimac_mf.mps,cache_dir/max_flow/erdos_renyi_directed_420_0.6.dimac_mf/erdos_renyi_directed_420_0.6.dimac_mf.std,cache_dir/max_flow/erdos_renyi_directed_420_0.6.dimac_mf/erdos_renyi_directed_420_0.6.dimac_mf.data,1,1,1,,False,False,False,False,True,True,,,,,,,,,,,,,,,,,1.549725805874914,1.7503648491110653,,,,,,,,,,,,,,
max_flow,erdos_renyi_directed_420_0.7.dimac_mf,cache_dir/max_flow/erdos_renyi_directed_420_0.7.dimac_mf,cache_dir/max_flow/erdos_renyi_directed_420_0.7.dimac_mf/erdos_renyi_directed_420_0.7.dimac_mf.mps,cache_dir/max_flow/erdos_renyi_directed_420_0.7.dimac_mf/erdos_renyi_directed_420_0.7.dimac_mf.std,cache_dir/max_flow/erdos_renyi_directed_420_0.7.dimac_mf/erdos_renyi_directed_420_0.7.dimac_mf.data,1,1,1,,False,False,False,False,True,True,,,,,,,,,,,,,,,,,1.746684930054471,1.9908692631870508,,,,,,,,,,,,,,
max_flow,erdos_renyi_directed_420_0.8.dimac_mf,cache_dir/max_flow/erdos_renyi_directed_420_0.8.dimac_mf,cache_dir/max_flow/erdos_renyi_directed_420_0.8.dimac_mf/erdos_renyi_directed_420_0.8.dimac_mf.mps,cache_dir/max_flow/erdos_renyi_directed_420_0.8.dimac_mf/erdos_renyi_directed_420_0.8.dimac_mf.std,cache_dir/max_flow/erdos_renyi_directed_420_0.8.dimac_mf/erdos_renyi_directed_420_0.8.dimac_mf.data,1,1,1,,False,False,False,False,True,True,,,,,,,,,,,,,,,,,2.870041379937902,3.1393159029539675,,,,,,,,,,,,,,
max_flow,erdos_renyi_directed_420_0.9.dimac_mf,cache_dir/max_flow/erdos_renyi_directed_420_0.9.dimac_mf,cache_dir/max_flow/erdos_renyi_directed_420_0.9.dimac_mf/erdos_renyi_directed_420_0.9.dimac_mf.mps,cache_dir/max_flow/erdos_renyi_directed_420_0.9.dimac_mf/erdos_renyi_directed_420_0.9.dimac_mf.std,cache_dir/max_flow/erdos_renyi_directed_420_0.9.dimac_mf/erdos_renyi_directed_420_0.9.dimac_mf.data,1,1,1,,False,False,False,False,True,True,,,,,,,,,,,,,,,,,1.459315737010911,1.7408262060489506,,,,,,,,,,,,,,
max_flow,erdos_renyi_directed_420_1.0.dimac_mf,cache_dir/max_flow/erdos_renyi_directed_420_1.0.dimac_mf,cache_dir/max_flow/erdos_renyi_directed_420_1.0.dimac_mf/erdos_renyi_directed_420_1.0.dimac_mf.mps,cache_dir/max_flow/erdos_renyi_directed_420_1.0.dimac_mf/erdos_renyi_directed_420_1.0.dimac_mf.std,cache_dir/max_flow/erdos_renyi_directed_420_1.0.dimac_mf/erdos_renyi_directed_420_1.0.dimac_mf.data,1,1,1,,False,False,False,False,True,True,,,,,,,,,,,,,,,,,2.1309324940666556,2.4395882769022137,,,,,,,,,,,,,,
max_flow,erdos_renyi_directed_430_0.3.dimac_mf,cache_dir/max_flow/erdos_renyi_directed_430_0.3.dimac_mf,cache_dir/max_flow/erdos_renyi_directed_430_0.3.dimac_mf/erdos_renyi_directed_430_0.3.dimac_mf.mps,cache_dir/max_flow/erdos_renyi_directed_430_0.3.dimac_mf/erdos_renyi_directed_430_0.3.dimac_mf.std,cache_dir/max_flow/erdos_renyi_directed_430_0.3.dimac_mf/erdos_renyi_directed_430_0.3.dimac_mf.data,1,1,1,,False,False,False,False,True,True,,,,,,,,,,,,,,,,,0.7972080740146339,0.9206798861268908,,,,,,,,,,,,,,
max_flow,erdos_renyi_directed_430_0.4.dimac_mf,cache_dir/max_flow/erdos_renyi_directed_430_0.4.dimac_mf,cache_dir/max_flow/erdos_renyi_directed_430_0.4.dimac_mf/erdos_renyi_directed_430_0.4.dimac_mf.mps,cache_dir/max_flow/erdos_renyi_directed_430_0.4.dimac_mf/erdos_renyi_directed_430_0.4.dimac_mf.std,cache_dir/max_flow/erdos_renyi_directed_430_0.4.dimac_mf/erdos_renyi_directed_430_0.4.dimac_mf.data,1,1,1,,False,False,False,False,True,True,,,,,,,,,,,,,,,,,0.6905350850429386,0.838393148034811,,,,,,,,,,,,,,
max_flow,erdos_renyi_directed_430_0.5.dimac_mf,cache_dir/max_flow/erdos_renyi_directed_430_0.5.dimac_mf,cache_dir/max_flow/erdos_renyi_directed_430_0.5.dimac_mf/erdos_renyi_directed_430_0.5.dimac_mf.mps,cache_dir/max_flow/erdos_renyi_directed_430_0.5.dimac_mf/erdos_renyi_directed_430_0.5.dimac_mf.std,cache_dir/max_flow/erdos_renyi_directed_430_0.5.dimac_mf/erdos_renyi_directed_430_0.5.dimac_mf.data,1,1,1,,False,False,False,False,True,True,,,,,,,,,,,,,,,,,0.919379604049027,1.1009221670683473,,,,,,,,,,,,,,
max_flow,erdos_renyi_directed_430_0.6.dimac_mf,cache_dir/max_flow/erdos_renyi_directed_430_0.6.dimac_mf,cache_dir/max_flow/erdos_renyi_directed_430_0.6.dimac_mf/erdos_renyi_directed_430_0.6.dimac_mf.mps,cache_dir/max_flow/erdos_renyi_directed_430_0.6.dimac_mf/erdos_renyi_directed_430_0.6.dimac_mf.std,cache_dir/max_flow/erdos_renyi_directed_430_0.6.dimac_mf/erdos_renyi_directed_430_0.6.dimac_mf.data,1,1,1,,False,False,False,False,True,True,,,,,,,,,,,,,,,,,0.9519430859945714,1.161744340788573,,,,,,,,,,,,,,
max_flow,erdos_renyi_directed_430_0.7.dimac_mf,cache_dir/max_flow/erdos_renyi_directed_430_0.7.dimac_mf,cache_dir/max_flow/erdos_renyi_directed_430_0.7.dimac_mf/erdos_renyi_directed_430_0.7.dimac_mf.mps,cache_dir/max_flow/erdos_renyi_directed_430_0.7.dimac_mf/erdos_renyi_directed_430_0.7.dimac_mf.std,cache_dir/max_flow/erdos_renyi_directed_430_0.7.dimac_mf/erdos_renyi_directed_430_0.7.dimac_mf.data,1,1,1,,False,False,False,False,True,True,,,,,,,,,,,,,,,,,1.5357721080072224,1.78645636793226,,,,,,,,,,,,,,
max_flow,erdos_renyi_directed_430_0.8.dimac_mf,cache_dir/max_flow/erdos_renyi_directed_430_0.8.dimac_mf,cache_dir/max_flow/erdos_renyi_directed_430_0.8.dimac_mf/erdos_renyi_directed_430_0.8.dimac_mf.mps,cache_dir/max_flow/erdos_renyi_directed_430_0.8.dimac_mf/erdos_renyi_directed_430_0.8.dimac_mf.std,cache_dir/max_flow/erdos_renyi_directed_430_0.8.dimac_mf/erdos_renyi_directed_430_0.8.dimac_mf.data,1,1,1,,False,False,False,False,True,True,,,,,,,,,,,,,,,,,1.55118223791942,1.8233894240111113,,,,,,,,,,,,,,
max_flow,erdos_renyi_directed_430_0.9.dimac_mf,cache_dir/max_flow/erdos_renyi_directed_430_0.9.dimac_mf,cache_dir/max_flow/erdos_renyi_directed_430_0.9.dimac_mf/erdos_renyi_directed_430_0.9.dimac_mf.mps,cache_dir/max_flow/erdos_renyi_directed_430_0.9.dimac_mf/erdos_renyi_directed_430_0.9.dimac_mf.std,cache_dir/max_flow/erdos_renyi_directed_430_0.9.dimac_mf/erdos_renyi_directed_430_0.9.dimac_mf.data,1,1,1,,False,False,False,False,True,True,,,,,,,,,,,,,,,,,1.7014098528306931,1.9978772778995335,,,,,,,,,,,,,,
max_flow,erdos_renyi_directed_430_1.0.dimac_mf,cache_dir/max_flow/erdos_renyi_directed_430_1.0.dimac_mf,cache_dir/max_flow/erdos_renyi_directed_430_1.0.dimac_mf/erdos_renyi_directed_430_1.0.dimac_mf.mps,cache_dir/max_flow/erdos_renyi_directed_430_1.0.dimac_mf/erdos_renyi_directed_430_1.0.dimac_mf.std,cache_dir/max_flow/erdos_renyi_directed_430_1.0.dimac_mf/erdos_renyi_directed_430_1.0.dimac_mf.data,1,1,1,,False,False,False,False,True,True,,,,,,,,,,,,,,,,,2.131265184143558,2.450118209933862,,,,,,,,,,,,,,
max_flow,erdos_renyi_directed_440_0.3.dimac_mf,cache_dir/max_flow/erdos_renyi_directed_440_0.3.dimac_mf,cache_dir/max_flow/erdos_renyi_directed_440_0.3.dimac_mf/erdos_renyi_directed_440_0.3.dimac_mf.mps,cache_dir/max_flow/erdos_renyi_directed_440_0.3.dimac_mf/erdos_renyi_directed_440_0.3.dimac_mf.std,cache_dir/max_flow/erdos_renyi_directed_440_0.3.dimac_mf/erdos_renyi_directed_440_0.3.dimac_mf.data,1,1,1,,False,False,False,False,True,True,,,,,,,,,,,,,,,,,0.7879650550894439,0.9124424979090691,,,,,,,,,,,,,,
max_flow,erdos_renyi_directed_440_0.4.dimac_mf,cache_dir/max_flow/erdos_renyi_directed_440_0.4.dimac_mf,cache_dir/max_flow/erdos_renyi_directed_440_0.4.dimac_mf/erdos_renyi_directed_440_0.4.dimac_mf.mps,cache_dir/max_flow/erdos_renyi_directed_440_0.4.dimac_mf/erdos_renyi_directed_440_0.4.dimac_mf.std,cache_dir/max_flow/erdos_renyi_directed_440_0.4.dimac_mf/erdos_renyi_directed_440_0.4.dimac_mf.data,1,1,1,,False,False,False,False,True,True,,,,,,,,,,,,,,,,,0.7898818070534617,0.9559648169670254,,,,,,,,,,,,,,
max_flow,erdos_renyi_directed_440_0.5.dimac_mf,cache_dir/max_flow/erdos_renyi_directed_440_0.5.dimac_mf,cache_dir/max_flow/erdos_renyi_directed_440_0.5.dimac_mf/erdos_renyi_directed_440_0.5.dimac_mf.mps,cache_dir/max_flow/erdos_renyi_directed_440_0.5.dimac_mf/erdos_renyi_directed_440_0.5.dimac_mf.std,cache_dir/max_flow/erdos_renyi_directed_440_0.5.dimac_mf/erdos_renyi_directed_440_0.5.dimac_mf.data,1,1,1,,False,False,False,False,True,True,,,,,,,,,,,,,,,,,1.0359166681300849,1.2218304590787739,,,,,,,,,,,,,,
max_flow,erdos_renyi_directed_440_0.6.dimac_mf,cache_dir/max_flow/erdos_renyi_directed_440_0.6.dimac_mf,cache_dir/max_flow/erdos_renyi_directed_440_0.6.dimac_mf/erdos_renyi_directed_440_0.6.dimac_mf.mps,cache_dir/max_flow/erdos_renyi_directed_440_0.6.dimac_mf/erdos_renyi_directed_440_0.6.dimac_mf.std,cache_dir/max_flow/erdos_renyi_directed_440_0.6.dimac_mf/erdos_renyi_directed_440_0.6.dimac_mf.data,1,1,1,,False,False,False,False,True,True,,,,,,,,,,,,,,,,,1.6257794999983162,1.8314949381165206,,,,,,,,,,,,,,
max_flow,erdos_renyi_directed_440_0.7.dimac_mf,cache_dir/max_flow/erdos_renyi_directed_440_0.7.dimac_mf,cache_dir/max_flow/erdos_renyi_directed_440_0.7.dimac_mf/erdos_renyi_directed_440_0.7.dimac_mf.mps,cache_dir/max_flow/erdos_renyi_directed_440_0.7.dimac_mf/erdos_renyi_directed_440_0.7.dimac_mf.std,cache_dir/max_flow/erdos_renyi_directed_440_0.7.dimac_mf/erdos_renyi_directed_440_0.7.dimac_mf.data,1,1,1,,False,False,False,False,True,True,,,,,,,,,,,,,,,,,1.3830568750854582,1.663019694853574,,,,,,,,,,,,,,
max_flow,erdos_renyi_directed_440_0.8.dimac_mf,cache_dir/max_flow/erdos_renyi_directed_440_0.8.dimac_mf,cache_dir/max_flow/erdos_renyi_directed_440_0.8.dimac_mf/erdos_renyi_directed_440_0.8.dimac_mf.mps,cache_dir/max_flow/erdos_renyi_directed_440_0.8.dimac_mf/erdos_renyi_directed_440_0.8.dimac_mf.std,cache_dir/max_flow/erdos_renyi_directed_440_0.8.dimac_mf/erdos_renyi_directed_440_0.8.dimac_mf.data,1,1,1,,False,False,False,False,True,True,,,,,,,,,,,,,,,,,1.607228941982612,1.8899387139827013,,,,,,,,,,,,,,
max_flow,erdos_renyi_directed_440_0.9.dimac_mf,cache_dir/max_flow/erdos_renyi_directed_440_0.9.dimac_mf,cache_dir/max_flow/erdos_renyi_directed_440_0.9.dimac_mf/erdos_renyi_directed_440_0.9.dimac_mf.mps,cache_dir/max_flow/erdos_renyi_directed_440_0.9.dimac_mf/erdos_renyi_directed_440_0.9.dimac_mf.std,cache_dir/max_flow/erdos_renyi_directed_440_0.9.dimac_mf/erdos_renyi_directed_440_0.9.dimac_mf.data,1,1,1,,False,False,False,False,True,True,,,,,,,,,,,,,,,,,2.435489292955026,2.745873284060508,,,,,,,,,,,,,,
max_flow,erdos_renyi_directed_440_1.0.dimac_mf,cache_dir/max_flow/erdos_renyi_directed_440_1.0.dimac_mf,cache_dir/max_flow/erdos_renyi_directed_440_1.0.dimac_mf/erdos_renyi_directed_440_1.0.dimac_mf.mps,cache_dir/max_flow/erdos_renyi_directed_440_1.0.dimac_mf/erdos_renyi_directed_440_1.0.dimac_mf.std,cache_dir/max_flow/erdos_renyi_directed_440_1.0.dimac_mf/erdos_renyi_directed_440_1.0.dimac_mf.data,1,1,1,,False,False,False,False,True,True,,,,,,,,,,,,,,,,,1.9259242839179933,2.2485947229433805,,,,,,,,,,,,,,
max_flow,erdos_renyi_directed_450_0.3.dimac_mf,cache_dir/max_flow/erdos_renyi_directed_450_0.3.dimac_mf,cache_dir/max_flow/erdos_renyi_directed_450_0.3.dimac_mf/erdos_renyi_directed_450_0.3.dimac_mf.mps,cache_dir/max_flow/erdos_renyi_directed_450_0.3.dimac_mf/erdos_renyi_directed_450_0.3.dimac_mf.std,cache_dir/max_flow/erdos_renyi_directed_450_0.3.dimac_mf/erdos_renyi_directed_450_0.3.dimac_mf.data,1,1,1,,False,False,False,False,True,True,,,,,,,,,,,,,,,,,1.126000550109893,1.2549530060496181,,,,,,,,,,,,,,
max_flow,erdos_renyi_directed_450_0.4.dimac_mf,cache_dir/max_flow/erdos_renyi_directed_450_0.4.dimac_mf,cache_dir/max_flow/erdos_renyi_directed_450_0.4.dimac_mf/erdos_renyi_directed_450_0.4.dimac_mf.mps,cache_dir/max_flow/erdos_renyi_directed_450_0.4.dimac_mf/erdos_renyi_directed_450_0.4.dimac_mf.std,cache_dir/max_flow/erdos_renyi_directed_450_0.4.dimac_mf/erdos_renyi_directed_450_0.4.dimac_mf.data,1,1,1,,False,False,False,False,True,True,,,,,,,,,,,,,,,,,0.9916244740597904,1.1624956571031362,,,,,,,,,,,,,,
max_flow,erdos_renyi_directed_450_0.5.dimac_mf,cache_dir/max_flow/erdos_renyi_directed_450_0.5.dimac_mf,cache_dir/max_flow/erdos_renyi_directed_450_0.5.dimac_mf/erdos_renyi_directed_450_0.5.dimac_mf.mps,cache_dir/max_flow/erdos_renyi_directed_450_0.5.dimac_mf/erdos_renyi_directed_450_0.5.dimac_mf.std,cache_dir/max_flow/erdos_renyi_directed_450_0.5.dimac_mf/erdos_renyi_directed_450_0.5.dimac_mf.data,1,1,1,,False,False,False,False,True,True,,,,,,,,,,,,,,,,,1.3075499499682337,1.4932305151596665,,,,,,,,,,,,,,
max_flow,erdos_renyi_directed_450_0.6.dimac_mf,cache_dir/max_flow/erdos_renyi_directed_450_0.6.dimac_mf,cache_dir/max_flow/erdos_renyi_directed_450_0.6.dimac_mf/erdos_renyi_directed_450_0.6.dimac_mf.mps,cache_dir/max_flow/erdos_renyi_directed_450_0.6.dimac_mf/erdos_renyi_directed_450_0.6.dimac_mf.std,cache_dir/max_flow/erdos_renyi_directed_450_0.6.dimac_mf/erdos_renyi_directed_450_0.6.dimac_mf.data,1,1,1,,False,False,False,False,True,True,,,,,,,,,,,,,,,,,1.4266238000709563,1.6559781550895423,,,,,,,,,,,,,,
max_flow,erdos_renyi_directed_450_0.7.dimac_mf,cache_dir/max_flow/erdos_renyi_directed_450_0.7.dimac_mf,cache_dir/max_flow/erdos_renyi_directed_450_0.7.dimac_mf/erdos_renyi_directed_450_0.7.dimac_mf.mps,cache_dir/max_flow/erdos_renyi_directed_450_0.7.dimac_mf/erdos_renyi_directed_450_0.7.dimac_mf.std,cache_dir/max_flow/erdos_renyi_directed_450_0.7.dimac_mf/erdos_renyi_directed_450_0.7.dimac_mf.data,1,1,1,,False,False,False,False,True,True,,,,,,,,,,,,,,,,,2.8117392568383366,3.076206689933315,,,,,,,,,,,,,,
max_flow,erdos_renyi_directed_450_0.8.dimac_mf,cache_dir/max_flow/erdos_renyi_directed_450_0.8.dimac_mf,cache_dir/max_flow/erdos_renyi_directed_450_0.8.dimac_mf/erdos_renyi_directed_450_0.8.dimac_mf.mps,cache_dir/max_flow/erdos_renyi_directed_450_0.8.dimac_mf/erdos_renyi_directed_450_0.8.dimac_mf.std,cache_dir/max_flow/erdos_renyi_directed_450_0.8.dimac_mf/erdos_renyi_directed_450_0.8.dimac_mf.data,1,1,1,,False,False,False,False,True,True,,,,,,,,,,,,,,,,,3.240670844912529,3.519591141026467,,,,,,,,,,,,,,
max_flow,erdos_renyi_directed_450_0.9.dimac_mf,cache_dir/max_flow/erdos_renyi_directed_450_0.9.dimac_mf,cache_dir/max_flow/erdos_renyi_directed_450_0.9.dimac_mf/erdos_renyi_directed_450_0.9.dimac_mf.mps,cache_dir/max_flow/erdos_renyi_directed_450_0.9.dimac_mf/erdos_renyi_directed_450_0.9.dimac_mf.std,cache_dir/max_flow/erdos_renyi_directed_450_0.9.dimac_mf/erdos_renyi_directed_450_0.9.dimac_mf.data,1,1,1,,False,False,False,False,True,True,,,,,,,,,,,,,,,,,3.3569094019476324,3.6573569669853896,,,,,,,,,,,,,,
max_flow,erdos_renyi_directed_450_1.0.dimac_mf,cache_dir/max_flow/erdos_renyi_directed_450_1.0.dimac_mf,cache_dir/max_flow/erdos_renyi_directed_450_1.0.dimac_mf/erdos_renyi_directed_450_1.0.dimac_mf.mps,cache_dir/max_flow/erdos_renyi_directed_450_1.0.dimac_mf/erdos_renyi_directed_450_1.0.dimac_mf.std,cache_dir/max_flow/erdos_renyi_directed_450_1.0.dimac_mf/erdos_renyi_directed_450_1.0.dimac_mf.data,1,1,1,,False,False,False,False,True,True,,,,,,,,,,,,,,,,,2.3684783950448036,2.697342934086919,,,,,,,,,,,,,,
max_flow,erdos_renyi_directed_460_0.3.dimac_mf,cache_dir/max_flow/erdos_renyi_directed_460_0.3.dimac_mf,cache_dir/max_flow/erdos_renyi_directed_460_0.3.dimac_mf/erdos_renyi_directed_460_0.3.dimac_mf.mps,cache_dir/max_flow/erdos_renyi_directed_460_0.3.dimac_mf/erdos_renyi_directed_460_0.3.dimac_mf.std,cache_dir/max_flow/erdos_renyi_directed_460_0.3.dimac_mf/erdos_renyi_directed_460_0.3.dimac_mf.data,1,1,1,,False,False,False,False,True,True,,,,,,,,,,,,,,,,,0.6703498698771,0.8054340018425137,,,,,,,,,,,,,,
max_flow,erdos_renyi_directed_460_0.4.dimac_mf,cache_dir/max_flow/erdos_renyi_directed_460_0.4.dimac_mf,cache_dir/max_flow/erdos_renyi_directed_460_0.4.dimac_mf/erdos_renyi_directed_460_0.4.dimac_mf.mps,cache_dir/max_flow/erdos_renyi_directed_460_0.4.dimac_mf/erdos_renyi_directed_460_0.4.dimac_mf.std,cache_dir/max_flow/erdos_renyi_directed_460_0.4.dimac_mf/erdos_renyi_directed_460_0.4.dimac_mf.data,1,1,1,,False,False,False,False,True,True,,,,,,,,,,,,,,,,,1.2471691698301584,1.4245802969671786,,,,,,,,,,,,,,
max_flow,erdos_renyi_directed_460_0.5.dimac_mf,cache_dir/max_flow/erdos_renyi_directed_460_0.5.dimac_mf,cache_dir/max_flow/erdos_renyi_directed_460_0.5.dimac_mf/erdos_renyi_directed_460_0.5.dimac_mf.mps,cache_dir/max_flow/erdos_renyi_directed_460_0.5.dimac_mf/erdos_renyi_directed_460_0.5.dimac_mf.std,cache_dir/max_flow/erdos_renyi_directed_460_0.5.dimac_mf/erdos_renyi_directed_460_0.5.dimac_mf.data,1,1,1,,False,False,False,False,True,True,,,,,,,,,,,,,,,,,1.2060679639689624,1.4118135669268668,,,,,,,,,,,,,,
max_flow,erdos_renyi_directed_460_0.6.dimac_mf,cache_dir/max_flow/erdos_renyi_directed_460_0.6.dimac_mf,cache_dir/max_flow/erdos_renyi_directed_460_0.6.dimac_mf/erdos_renyi_directed_460_0.6.dimac_mf.mps,cache_dir/max_flow/erdos_renyi_directed_460_0.6.dimac_mf/erdos_renyi_directed_460_0.6.dimac_mf.std,cache_dir/max_flow/erdos_renyi_directed_460_0.6.dimac_mf/erdos_renyi_directed_460_0.6.dimac_mf.data,1,1,1,,False,False,False,False,True,True,,,,,,,,,,,,,,,,,1.4155676059890538,1.655999690061435,,,,,,,,,,,,,,
max_flow,erdos_renyi_directed_460_0.7.dimac_mf,cache_dir/max_flow/erdos_renyi_directed_460_0.7.dimac_mf,cache_dir/max_flow/erdos_renyi_directed_460_0.7.dimac_mf/erdos_renyi_directed_460_0.7.dimac_mf.mps,cache_dir/max_flow/erdos_renyi_directed_460_0.7.dimac_mf/erdos_renyi_directed_460_0.7.dimac_mf.std,cache_dir/max_flow/erdos_renyi_directed_460_0.7.dimac_mf/erdos_renyi_directed_460_0.7.dimac_mf.data,1,1,1,,False,False,False,False,True,True,,,,,,,,,,,,,,,,,1.9880227588582784,2.2442090150434524,,,,,,,,,,,,,,
max_flow,erdos_renyi_directed_460_0.8.dimac_mf,cache_dir/max_flow/erdos_renyi_directed_460_0.8.dimac_mf,cache_dir/max_flow/erdos_renyi_directed_460_0.8.dimac_mf/erdos_renyi_directed_460_0.8.dimac_mf.mps,cache_dir/max_flow/erdos_renyi_directed_460_0.8.dimac_mf/erdos_renyi_directed_460_0.8.dimac_mf.std,cache_dir/max_flow/erdos_renyi_directed_460_0.8.dimac_mf/erdos_renyi_directed_460_0.8.dimac_mf.data,1,1,1,,False,False,False,False,True,True,,,,,,,,,,,,,,,,,3.194981748936698,3.4787520240060985,,,,,,,,,,,,,,
max_flow,erdos_renyi_directed_460_0.9.dimac_mf,cache_dir/max_flow/erdos_renyi_directed_460_0.9.dimac_mf,cache_dir/max_flow/erdos_renyi_directed_460_0.9.dimac_mf/erdos_renyi_directed_460_0.9.dimac_mf.mps,cache_dir/max_flow/erdos_renyi_directed_460_0.9.dimac_mf/erdos_renyi_directed_460_0.9.dimac_mf.std,cache_dir/max_flow/erdos_renyi_directed_460_0.9.dimac_mf/erdos_renyi_directed_460_0.9.dimac_mf.data,1,1,1,,False,False,False,False,True,True,,,,,,,,,,,,,,,,,3.1545510350260884,3.467312972061336,,,,,,,,,,,,,,
max_flow,erdos_renyi_directed_460_1.0.dimac_mf,cache_dir/max_flow/erdos_renyi_directed_460_1.0.dimac_mf,cache_dir/max_flow/erdos_renyi_directed_460_1.0.dimac_mf/erdos_renyi_directed_460_1.0.dimac_mf.mps,cache_dir/max_flow/erdos_renyi_directed_460_1.0.dimac_mf/erdos_renyi_directed_460_1.0.dimac_mf.std,cache_dir/max_flow/erdos_renyi_directed_460_1.0.dimac_mf/erdos_renyi_directed_460_1.0.dimac_mf.data,1,1,1,,False,False,False,False,True,True,,,,,,,,,,,,,,,,,1.94957205792889,2.3077912849839777,,,,,,,,,,,,,,
max_flow,erdos_renyi_directed_470_0.3.dimac_mf,cache_dir/max_flow/erdos_renyi_directed_470_0.3.dimac_mf,cache_dir/max_flow/erdos_renyi_directed_470_0.3.dimac_mf/erdos_renyi_directed_470_0.3.dimac_mf.mps,cache_dir/max_flow/erdos_renyi_directed_470_0.3.dimac_mf/erdos_renyi_directed_470_0.3.dimac_mf.std,cache_dir/max_flow/erdos_renyi_directed_470_0.3.dimac_mf/erdos_renyi_directed_470_0.3.dimac_mf.data,1,1,1,,False,False,False,False,True,True,,,,,,,,,,,,,,,,,1.1742337471805513,1.312868702923879,,,,,,,,,,,,,,
max_flow,erdos_renyi_directed_470_0.4.dimac_mf,cache_dir/max_flow/erdos_renyi_directed_470_0.4.dimac_mf,cache_dir/max_flow/erdos_renyi_directed_470_0.4.dimac_mf/erdos_renyi_directed_470_0.4.dimac_mf.mps,cache_dir/max_flow/erdos_renyi_directed_470_0.4.dimac_mf/erdos_renyi_directed_470_0.4.dimac_mf.std,cache_dir/max_flow/erdos_renyi_directed_470_0.4.dimac_mf/erdos_renyi_directed_470_0.4.dimac_mf.data,1,1,1,,False,False,False,False,True,True,,,,,,,,,,,,,,,,,0.97853285796009,1.1418671698775142,,,,,,,,,,,,,,
max_flow,erdos_renyi_directed_470_0.5.dimac_mf,cache_dir/max_flow/erdos_renyi_directed_470_0.5.dimac_mf,cache_dir/max_flow/erdos_renyi_directed_470_0.5.dimac_mf/erdos_renyi_directed_470_0.5.dimac_mf.mps,cache_dir/max_flow/erdos_renyi_directed_470_0.5.dimac_mf/erdos_renyi_directed_470_0.5.dimac_mf.std,cache_dir/max_flow/erdos_renyi_directed_470_0.5.dimac_mf/erdos_renyi_directed_470_0.5.dimac_mf.data,1,1,1,,False,False,False,False,True,True,,,,,,,,,,,,,,,,,1.4716717621777207,1.67569210100919,,,,,,,,,,,,,,
max_flow,erdos_renyi_directed_470_0.6.dimac_mf,cache_dir/max_flow/erdos_renyi_directed_470_0.6.dimac_mf,cache_dir/max_flow/erdos_renyi_directed_470_0.6.dimac_mf/erdos_renyi_directed_470_0.6.dimac_mf.mps,cache_dir/max_flow/erdos_renyi_directed_470_0.6.dimac_mf/erdos_renyi_directed_470_0.6.dimac_mf.std,cache_dir/max_flow/erdos_renyi_directed_470_0.6.dimac_mf/erdos_renyi_directed_470_0.6.dimac_mf.data,1,1,1,,False,False,False,False,True,True,,,,,,,,,,,,,,,,,2.0201620999723673,2.2496148380450904,,,,,,,,,,,,,,
max_flow,erdos_renyi_directed_470_0.7.dimac_mf,cache_dir/max_flow/erdos_renyi_directed_470_0.7.dimac_mf,cache_dir/max_flow/erdos_renyi_directed_470_0.7.dimac_mf/erdos_renyi_directed_470_0.7.dimac_mf.mps,cache_dir/max_flow/erdos_renyi_directed_470_0.7.dimac_mf/erdos_renyi_directed_470_0.7.dimac_mf.std,cache_dir/max_flow/erdos_renyi_directed_470_0.7.dimac_mf/erdos_renyi_directed_470_0.7.dimac_mf.data,1,1,1,,False,False,False,False,True,True,,,,,,,,,,,,,,,,,1.9288818729110062,2.2003378961235285,,,,,,,,,,,,,,
max_flow,erdos_renyi_directed_470_0.8.dimac_mf,cache_dir/max_flow/erdos_renyi_directed_470_0.8.dimac_mf,cache_dir/max_flow/erdos_renyi_directed_470_0.8.dimac_mf/erdos_renyi_directed_470_0.8.dimac_mf.mps,cache_dir/max_flow/erdos_renyi_directed_470_0.8.dimac_mf/erdos_renyi_directed_470_0.8.dimac_mf.std,cache_dir/max_flow/erdos_renyi_directed_470_0.8.dimac_mf/erdos_renyi_directed_470_0.8.dimac_mf.data,1,1,1,,False,False,False,False,True,True,,,,,,,,,,,,,,,,,3.964208565885201,4.23642395506613,,,,,,,,,,,,,,
max_flow,erdos_renyi_directed_470_0.9.dimac_mf,cache_dir/max_flow/erdos_renyi_directed_470_0.9.dimac_mf,cache_dir/max_flow/erdos_renyi_directed_470_0.9.dimac_mf/erdos_renyi_directed_470_0.9.dimac_mf.mps,cache_dir/max_flow/erdos_renyi_directed_470_0.9.dimac_mf/erdos_renyi_directed_470_0.9.dimac_mf.std,cache_dir/max_flow/erdos_renyi_directed_470_0.9.dimac_mf/erdos_renyi_directed_470_0.9.dimac_mf.data,1,1,1,,False,False,False,False,True,True,,,,,,,,,,,,,,,,,2.240723171038553,2.5698855069931597,,,,,,,,,,,,,,
max_flow,erdos_renyi_directed_470_1.0.dimac_mf,cache_dir/max_flow/erdos_renyi_directed_470_1.0.dimac_mf,cache_dir/max_flow/erdos_renyi_directed_470_1.0.dimac_mf/erdos_renyi_directed_470_1.0.dimac_mf.mps,cache_dir/max_flow/erdos_renyi_directed_470_1.0.dimac_mf/erdos_renyi_directed_470_1.0.dimac_mf.std,cache_dir/max_flow/erdos_renyi_directed_470_1.0.dimac_mf/erdos_renyi_directed_470_1.0.dimac_mf.data,1,1,1,,False,False,False,False,True,True,,,,,,,,,,,,,,,,,1.8094838429242373,2.200707955053076,,,,,,,,,,,,,,
max_flow,erdos_renyi_directed_480_0.3.dimac_mf,cache_dir/max_flow/erdos_renyi_directed_480_0.3.dimac_mf,cache_dir/max_flow/erdos_renyi_directed_480_0.3.dimac_mf/erdos_renyi_directed_480_0.3.dimac_mf.mps,cache_dir/max_flow/erdos_renyi_directed_480_0.3.dimac_mf/erdos_renyi_directed_480_0.3.dimac_mf.std,cache_dir/max_flow/erdos_renyi_directed_480_0.3.dimac_mf/erdos_renyi_directed_480_0.3.dimac_mf.data,1,1,1,,False,False,False,False,True,True,,,,,,,,,,,,,,,,,1.0295798629522324,1.1688786409795284,,,,,,,,,,,,,,
max_flow,erdos_renyi_directed_480_0.4.dimac_mf,cache_dir/max_flow/erdos_renyi_directed_480_0.4.dimac_mf,cache_dir/max_flow/erdos_renyi_directed_480_0.4.dimac_mf/erdos_renyi_directed_480_0.4.dimac_mf.mps,cache_dir/max_flow/erdos_renyi_directed_480_0.4.dimac_mf/erdos_renyi_directed_480_0.4.dimac_mf.std,cache_dir/max_flow/erdos_renyi_directed_480_0.4.dimac_mf/erdos_renyi_directed_480_0.4.dimac_mf.data,1,1,1,,False,False,False,False,True,True,,,,,,,,,,,,,,,,,0.9204554969910532,1.1024435360450298,,,,,,,,,,,,,,
max_flow,erdos_renyi_directed_480_0.5.dimac_mf,cache_dir/max_flow/erdos_renyi_directed_480_0.5.dimac_mf,cache_dir/max_flow/erdos_renyi_directed_480_0.5.dimac_mf/erdos_renyi_directed_480_0.5.dimac_mf.mps,cache_dir/max_flow/erdos_renyi_directed_480_0.5.dimac_mf/erdos_renyi_directed_480_0.5.dimac_mf.std,cache_dir/max_flow/erdos_renyi_directed_480_0.5.dimac_mf/erdos_renyi_directed_480_0.5.dimac_mf.data,1,1,1,,False,False,False,False,True,True,,,,,,,,,,,,,,,,,1.7250858410261571,1.9494617618620396,,,,,,,,,,,,,,
max_flow,erdos_renyi_directed_480_0.6.dimac_mf,cache_dir/max_flow/erdos_renyi_directed_480_0.6.dimac_mf,cache_dir/max_flow/erdos_renyi_directed_480_0.6.dimac_mf/erdos_renyi_directed_480_0.6.dimac_mf.mps,cache_dir/max_flow/erdos_renyi_directed_480_0.6.dimac_mf/erdos_renyi_directed_480_0.6.dimac_mf.std,cache_dir/max_flow/erdos_renyi_directed_480_0.6.dimac_mf/erdos_renyi_directed_480_0.6.dimac_mf.data,1,1,1,,False,False,False,False,True,True,,,,,,,,,,,,,,,,,1.3994754508603364,1.651560571976006,,,,,,,,,,,,,,
max_flow,erdos_renyi_directed_480_0.7.dimac_mf,cache_dir/max_flow/erdos_renyi_directed_480_0.7.dimac_mf,cache_dir/max_flow/erdos_renyi_directed_480_0.7.dimac_mf/erdos_renyi_directed_480_0.7.dimac_mf.mps,cache_dir/max_flow/erdos_renyi_directed_480_0.7.dimac_mf/erdos_renyi_directed_480_0.7.dimac_mf.std,cache_dir/max_flow/erdos_renyi_directed_480_0.7.dimac_mf/erdos_renyi_directed_480_0.7.dimac_mf.data,1,1,1,,False,False,False,False,True,True,,,,,,,,,,,,,,,,,1.9924747829791158,2.279261508025229,,,,,,,,,,,,,,
max_flow,erdos_renyi_directed_480_0.8.dimac_mf,cache_dir/max_flow/erdos_renyi_directed_480_0.8.dimac_mf,cache_dir/max_flow/erdos_renyi_directed_480_0.8.dimac_mf/erdos_renyi_directed_480_0.8.dimac_mf.mps,cache_dir/max_flow/erdos_renyi_directed_480_0.8.dimac_mf/erdos_renyi_directed_480_0.8.dimac_mf.std,cache_dir/max_flow/erdos_renyi_directed_480_0.8.dimac_mf/erdos_renyi_directed_480_0.8.dimac_mf.data,1,1,1,,False,False,False,False,True,True,,,,,,,,,,,,,,,,,3.963324351934716,4.278572248062119,,,,,,,,,,,,,,
max_flow,erdos_renyi_directed_480_0.9.dimac_mf,cache_dir/max_flow/erdos_renyi_directed_480_0.9.dimac_mf,cache_dir/max_flow/erdos_renyi_directed_480_0.9.dimac_mf/erdos_renyi_directed_480_0.9.dimac_mf.mps,cache_dir/max_flow/erdos_renyi_directed_480_0.9.dimac_mf/erdos_renyi_directed_480_0.9.dimac_mf.std,cache_dir/max_flow/erdos_renyi_directed_480_0.9.dimac_mf/erdos_renyi_directed_480_0.9.dimac_mf.data,1,1,1,,False,False,False,False,True,True,,,,,,,,,,,,,,,,,2.004848920973018,2.3596141571179032,,,,,,,,,,,,,,
max_flow,erdos_renyi_directed_480_1.0.dimac_mf,cache_dir/max_flow/erdos_renyi_directed_480_1.0.dimac_mf,cache_dir/max_flow/erdos_renyi_directed_480_1.0.dimac_mf/erdos_renyi_directed_480_1.0.dimac_mf.mps,cache_dir/max_flow/erdos_renyi_directed_480_1.0.dimac_mf/erdos_renyi_directed_480_1.0.dimac_mf.std,cache_dir/max_flow/erdos_renyi_directed_480_1.0.dimac_mf/erdos_renyi_directed_480_1.0.dimac_mf.data,1,1,1,,False,False,False,False,True,True,,,,,,,,,,,,,,,,,3.166437532985583,3.5858995460439473,,,,,,,,,,,,,,
max_flow,erdos_renyi_directed_490_0.3.dimac_mf,cache_dir/max_flow/erdos_renyi_directed_490_0.3.dimac_mf,cache_dir/max_flow/erdos_renyi_directed_490_0.3.dimac_mf/erdos_renyi_directed_490_0.3.dimac_mf.mps,cache_dir/max_flow/erdos_renyi_directed_490_0.3.dimac_mf/erdos_renyi_directed_490_0.3.dimac_mf.std,cache_dir/max_flow/erdos_renyi_directed_490_0.3.dimac_mf/erdos_renyi_directed_490_0.3.dimac_mf.data,1,1,1,,False,False,False,False,True,True,,,,,,,,,,,,,,,,,1.5419734939932823,1.6878120109904557,,,,,,,,,,,,,,
max_flow,erdos_renyi_directed_490_0.4.dimac_mf,cache_dir/max_flow/erdos_renyi_directed_490_0.4.dimac_mf,cache_dir/max_flow/erdos_renyi_directed_490_0.4.dimac_mf/erdos_renyi_directed_490_0.4.dimac_mf.mps,cache_dir/max_flow/erdos_renyi_directed_490_0.4.dimac_mf/erdos_renyi_directed_490_0.4.dimac_mf.std,cache_dir/max_flow/erdos_renyi_directed_490_0.4.dimac_mf/erdos_renyi_directed_490_0.4.dimac_mf.data,1,1,1,,False,False,False,False,True,True,,,,,,,,,,,,,,,,,1.1954654958099127,1.3772007569205016,,,,,,,,,,,,,,
max_flow,erdos_renyi_directed_490_0.5.dimac_mf,cache_dir/max_flow/erdos_renyi_directed_490_0.5.dimac_mf,cache_dir/max_flow/erdos_renyi_directed_490_0.5.dimac_mf/erdos_renyi_directed_490_0.5.dimac_mf.mps,cache_dir/max_flow/erdos_renyi_directed_490_0.5.dimac_mf/erdos_renyi_directed_490_0.5.dimac_mf.std,cache_dir/max_flow/erdos_renyi_directed_490_0.5.dimac_mf/erdos_renyi_directed_490_0.5.dimac_mf.data,1,1,1,,False,False,False,False,True,True,,,,,,,,,,,,,,,,,1.7522524571977556,1.9705364620313048,,,,,,,,,,,,,,
max_flow,erdos_renyi_directed_490_0.6.dimac_mf,cache_dir/max_flow/erdos_renyi_directed_490_0.6.dimac_mf,cache_dir/max_flow/erdos_renyi_directed_490_0.6.dimac_mf/erdos_renyi_directed_490_0.6.dimac_mf.mps,cache_dir/max_flow/erdos_renyi_directed_490_0.6.dimac_mf/erdos_renyi_directed_490_0.6.dimac_mf.std,cache_dir/max_flow/erdos_renyi_directed_490_0.6.dimac_mf/erdos_renyi_directed_490_0.6.dimac_mf.data,1,1,1,,False,False,False,False,True,True,,,,,,,,,,,,,,,,,2.5714271781034768,2.831428535049781,,,,,,,,,,,,,,
max_flow,erdos_renyi_directed_490_0.7.dimac_mf,cache_dir/max_flow/erdos_renyi_directed_490_0.7.dimac_mf,cache_dir/max_flow/erdos_renyi_directed_490_0.7.dimac_mf/erdos_renyi_directed_490_0.7.dimac_mf.mps,cache_dir/max_flow/erdos_renyi_directed_490_0.7.dimac_mf/erdos_renyi_directed_490_0.7.dimac_mf.std,cache_dir/max_flow/erdos_renyi_directed_490_0.7.dimac_mf/erdos_renyi_directed_490_0.7.dimac_mf.data,1,1,1,,False,False,False,False,True,True,,,,,,,,,,,,,,,,,2.4506553488317877,2.7570817819796503,,,,,,,,,,,,,,
max_flow,erdos_renyi_directed_490_0.8.dimac_mf,cache_dir/max_flow/erdos_renyi_directed_490_0.8.dimac_mf,cache_dir/max_flow/erdos_renyi_directed_490_0.8.dimac_mf/erdos_renyi_directed_490_0.8.dimac_mf.mps,cache_dir/max_flow/erdos_renyi_directed_490_0.8.dimac_mf/erdos_renyi_directed_490_0.8.dimac_mf.std,cache_dir/max_flow/erdos_renyi_directed_490_0.8.dimac_mf/erdos_renyi_directed_490_0.8.dimac_mf.data,1,1,1,,False,False,False,False,True,True,,,,,,,,,,,,,,,,,3.4368538230191916,3.740916336188093,,,,,,,,,,,,,,
max_flow,erdos_renyi_directed_490_0.9.dimac_mf,cache_dir/max_flow/erdos_renyi_directed_490_0.9.dimac_mf,cache_dir/max_flow/erdos_renyi_directed_490_0.9.dimac_mf/erdos_renyi_directed_490_0.9.dimac_mf.mps,cache_dir/max_flow/erdos_renyi_directed_490_0.9.dimac_mf/erdos_renyi_directed_490_0.9.dimac_mf.std,cache_dir/max_flow/erdos_renyi_directed_490_0.9.dimac_mf/erdos_renyi_directed_490_0.9.dimac_mf.data,1,1,1,,False,False,False,False,True,True,,,,,,,,,,,,,,,,,2.8679351008031517,3.2102748749312013,,,,,,,,,,,,,,
max_flow,erdos_renyi_directed_490_1.0.dimac_mf,cache_dir/max_flow/erdos_renyi_directed_490_1.0.dimac_mf,cache_dir/max_flow/erdos_renyi_directed_490_1.0.dimac_mf/erdos_renyi_directed_490_1.0.dimac_mf.mps,cache_dir/max_flow/erdos_renyi_directed_490_1.0.dimac_mf/erdos_renyi_directed_490_1.0.dimac_mf.std,cache_dir/max_flow/erdos_renyi_directed_490_1.0.dimac_mf/erdos_renyi_directed_490_1.0.dimac_mf.data,1,1,1,,False,False,False,False,True,True,,,,,,,,,,,,,,,,,2.9755961331538856,3.3797681988216937,,,,,,,,,,,,,,
max_flow,erdos_renyi_directed_500_0.2.dimac_mf,cache_dir/max_flow/erdos_renyi_directed_500_0.2.dimac_mf,cache_dir/max_flow/erdos_renyi_directed_500_0.2.dimac_mf/erdos_renyi_directed_500_0.2.dimac_mf.mps,cache_dir/max_flow/erdos_renyi_directed_500_0.2.dimac_mf/erdos_renyi_directed_500_0.2.dimac_mf.std,cache_dir/max_flow/erdos_renyi_directed_500_0.2.dimac_mf/erdos_renyi_directed_500_0.2.dimac_mf.data,1,1,1,,False,False,False,False,True,True,,,,,,,,,,,,,,,,,0.5924227400682867,0.6873679379932582,,,,,,,,,,,,,,
max_flow,erdos_renyi_directed_500_0.3.dimac_mf,cache_dir/max_flow/erdos_renyi_directed_500_0.3.dimac_mf,cache_dir/max_flow/erdos_renyi_directed_500_0.3.dimac_mf/erdos_renyi_directed_500_0.3.dimac_mf.mps,cache_dir/max_flow/erdos_renyi_directed_500_0.3.dimac_mf/erdos_renyi_directed_500_0.3.dimac_mf.std,cache_dir/max_flow/erdos_renyi_directed_500_0.3.dimac_mf/erdos_renyi_directed_500_0.3.dimac_mf.data,1,1,1,,False,False,False,False,True,True,,,,,,,,,,,,,,,,,0.973203687928617,1.1242155320942402,,,,,,,,,,,,,,
max_flow,erdos_renyi_directed_500_0.4.dimac_mf,cache_dir/max_flow/erdos_renyi_directed_500_0.4.dimac_mf,cache_dir/max_flow/erdos_renyi_directed_500_0.4.dimac_mf/erdos_renyi_directed_500_0.4.dimac_mf.mps,cache_dir/max_flow/erdos_renyi_directed_500_0.4.dimac_mf/erdos_renyi_directed_500_0.4.dimac_mf.std,cache_dir/max_flow/erdos_renyi_directed_500_0.4.dimac_mf/erdos_renyi_directed_500_0.4.dimac_mf.data,1,1,1,,False,False,False,False,True,True,,,,,,,,,,,,,,,,,0.8921764369588345,1.0782268547918648,,,,,,,,,,,,,,
max_flow,erdos_renyi_directed_500_0.5.dimac_mf,cache_dir/max_flow/erdos_renyi_directed_500_0.5.dimac_mf,cache_dir/max_flow/erdos_renyi_directed_500_0.5.dimac_mf/erdos_renyi_directed_500_0.5.dimac_mf.mps,cache_dir/max_flow/erdos_renyi_directed_500_0.5.dimac_mf/erdos_renyi_directed_500_0.5.dimac_mf.std,cache_dir/max_flow/erdos_renyi_directed_500_0.5.dimac_mf/erdos_renyi_directed_500_0.5.dimac_mf.data,1,1,1,,False,False,False,False,True,True,,,,,,,,,,,,,,,,,1.722086391178891,1.9622274779248983,,,,,,,,,,,,,,
max_flow,erdos_renyi_directed_500_0.6.dimac_mf,cache_dir/max_flow/erdos_renyi_directed_500_0.6.dimac_mf,cache_dir/max_flow/erdos_renyi_directed_500_0.6.dimac_mf/erdos_renyi_directed_500_0.6.dimac_mf.mps,cache_dir/max_flow/erdos_renyi_directed_500_0.6.dimac_mf/erdos_renyi_directed_500_0.6.dimac_mf.std,cache_dir/max_flow/erdos_renyi_directed_500_0.6.dimac_mf/erdos_renyi_directed_500_0.6.dimac_mf.data,1,1,1,,False,False,False,False,True,True,,,,,,,,,,,,,,,,,4.131272553000599,4.38257130398415,,,,,,,,,,,,,,
max_flow,erdos_renyi_directed_500_0.7.dimac_mf,cache_dir/max_flow/erdos_renyi_directed_500_0.7.dimac_mf,cache_dir/max_flow/erdos_renyi_directed_500_0.7.dimac_mf/erdos_renyi_directed_500_0.7.dimac_mf.mps,cache_dir/max_flow/erdos_renyi_directed_500_0.7.dimac_mf/erdos_renyi_directed_500_0.7.dimac_mf.std,cache_dir/max_flow/erdos_renyi_directed_500_0.7.dimac_mf/erdos_renyi_directed_500_0.7.dimac_mf.data,1,1,1,,False,False,False,False,True,True,,,,,,,,,,,,,,,,,2.606020153965801,2.9046018209774047,,,,,,,,,,,,,,
max_flow,erdos_renyi_directed_500_0.8.dimac_mf,cache_dir/max_flow/erdos_renyi_directed_500_0.8.dimac_mf,cache_dir/max_flow/erdos_renyi_directed_500_0.8.dimac_mf/erdos_renyi_directed_500_0.8.dimac_mf.mps,cache_dir/max_flow/erdos_renyi_directed_500_0.8.dimac_mf/erdos_renyi_directed_500_0.8.dimac_mf.std,cache_dir/max_flow/erdos_renyi_directed_500_0.8.dimac_mf/erdos_renyi_directed_500_0.8.dimac_mf.data,1,1,1,,False,False,False,False,True,True,,,,,,,,,,,,,,,,,2.172784750815481,2.4896767479367554,,,,,,,,,,,,,,
max_flow,erdos_renyi_directed_500_0.9.dimac_mf,cache_dir/max_flow/erdos_renyi_directed_500_0.9.dimac_mf,cache_dir/max_flow/erdos_renyi_directed_500_0.9.dimac_mf/erdos_renyi_directed_500_0.9.dimac_mf.mps,cache_dir/max_flow/erdos_renyi_directed_500_0.9.dimac_mf/erdos_renyi_directed_500_0.9.dimac_mf.std,cache_dir/max_flow/erdos_renyi_directed_500_0.9.dimac_mf/erdos_renyi_directed_500_0.9.dimac_mf.data,1,1,1,,False,False,False,False,True,True,,,,,,,,,,,,,,,,,3.4149385450873524,3.780498812906444,,,,,,,,,,,,,,
max_flow,erdos_renyi_directed_500_1.0.dimac_mf,cache_dir/max_flow/erdos_renyi_directed_500_1.0.dimac_mf,cache_dir/max_flow/erdos_renyi_directed_500_1.0.dimac_mf/erdos_renyi_directed_500_1.0.dimac_mf.mps,cache_dir/max_flow/erdos_renyi_directed_500_1.0.dimac_mf/erdos_renyi_directed_500_1.0.dimac_mf.std,cache_dir/max_flow/erdos_renyi_directed_500_1.0.dimac_mf/erdos_renyi_directed_500_1.0.dimac_mf.data,1,1,1,,False,False,False,False,True,True,,,,,,,,,,,,,,,,,2.285917022963986,2.7279405589215457,,,,,,,,,,,,,,
max_flow,printed_graph1.max_mf,cache_dir/max_flow/printed_graph1.max_mf,cache_dir/max_flow/printed_graph1.max_mf/printed_graph1.max_mf.mps,cache_dir/max_flow/printed_graph1.max_mf/printed_graph1.max_mf.std,cache_dir/max_flow/printed_graph1.max_mf/printed_graph1.max_mf.data,1,1,1,,False,False,False,False,False,False,,,,,,,,,,,,,,,,287.561061,,,,,,,,,,,,,,,,
max_flow,printed_graph10.max_mf,cache_dir/max_flow/printed_graph10.max_mf,cache_dir/max_flow/printed_graph10.max_mf/printed_graph10.max_mf.mps,cache_dir/max_flow/printed_graph10.max_mf/printed_graph10.max_mf.std,cache_dir/max_flow/printed_graph10.max_mf/printed_graph10.max_mf.data,1,1,1,,False,False,False,False,True,True,,,,,,,,,,,,,,,,238.394517,507.70538695692085,506.95405946089886,,,,,,,,,,,,,,
max_flow,printed_graph100.max_mf,cache_dir/max_flow/printed_graph100.max_mf,cache_dir/max_flow/printed_graph100.max_mf/printed_graph100.max_mf.mps,cache_dir/max_flow/printed_graph100.max_mf/printed_graph100.max_mf.std,cache_dir/max_flow/printed_graph100.max_mf/printed_graph100.max_mf.data,1,1,1,,False,False,False,False,True,True,,,,,,,,,,,,,,,,304.28406,368.21647800598294,367.2542114970274,,,,,,,,,,,,,,
max_flow,printed_graph11.max_mf,cache_dir/max_flow/printed_graph11.max_mf,cache_dir/max_flow/printed_graph11.max_mf/printed_graph11.max_mf.mps,cache_dir/max_flow/printed_graph11.max_mf/printed_graph11.max_mf.std,cache_dir/max_flow/printed_graph11.max_mf/printed_graph11.max_mf.data,1,1,1,,False,False,False,False,True,True,,,,,,,,,,,,,,,,259.67287,474.4588676348794,472.7840543219354,,,,,,,,,,,,,,
max_flow,printed_graph12.max_mf,cache_dir/max_flow/printed_graph12.max_mf,cache_dir/max_flow/printed_graph12.max_mf/printed_graph12.max_mf.mps,cache_dir/max_flow/printed_graph12.max_mf/printed_graph12.max_mf.std,cache_dir/max_flow/printed_graph12.max_mf/printed_graph12.max_mf.data,1,1,1,,False,False,False,False,True,True,,,,,,,,,,,,,,,,295.389658,495.4680612417869,494.95524594793096,,,,,,,,,,,,,,
max_flow,printed_graph13.max_mf,cache_dir/max_flow/printed_graph13.max_mf,cache_dir/max_flow/printed_graph13.max_mf/printed_graph13.max_mf.mps,cache_dir/max_flow/printed_graph13.max_mf/printed_graph13.max_mf.std,cache_dir/max_flow/printed_graph13.max_mf/printed_graph13.max_mf.data,1,1,1,,False,False,False,False,True,True,,,,,,,,,,,,,,,,206.629879,196.40960164996795,195.9838439261075,,,,,,,,,,,,,,
max_flow,printed_graph14.max_mf,cache_dir/max_flow/printed_graph14.max_mf,cache_dir/max_flow/printed_graph14.max_mf/printed_graph14.max_mf.mps,cache_dir/max_flow/printed_graph14.max_mf/printed_graph14.max_mf.std,cache_dir/max_flow/printed_graph14.max_mf/printed_graph14.max_mf.data,1,1,1,,False,False,False,False,True,True,,,,,,,,,,,,,,,,188.67479,116.76471980591305,116.59721528203227,,,,,,,,,,,,,,
max_flow,printed_graph15.max_mf,cache_dir/max_flow/printed_graph15.max_mf,cache_dir/max_flow/printed_graph15.max_mf/printed_graph15.max_mf.mps,cache_dir/max_flow/printed_graph15.max_mf/printed_graph15.max_mf.std,cache_dir/max_flow/printed_graph15.max_mf/printed_graph15.max_mf.data,1,1,1,,False,False,False,False,True,True,,,,,,,,,,,,,,,,300.799391,123.42228485201485,122.96121419919655,,,,,,,,,,,,,,
max_flow,printed_graph16.max_mf,cache_dir/max_flow/printed_graph16.max_mf,cache_dir/max_flow/printed_graph16.max_mf/printed_graph16.max_mf.mps,cache_dir/max_flow/printed_graph16.max_mf/printed_graph16.max_mf.std,cache_dir/max_flow/printed_graph16.max_mf/printed_graph16.max_mf.data,1,1,1,,False,False,False,False,True,True,,,,,,,,,,,,,,,,175.304722,193.32119694398716,193.3507286729291,,,,,,,,,,,,,,
max_flow,printed_graph17.max_mf,cache_dir/max_flow/printed_graph17.max_mf,cache_dir/max_flow/printed_graph17.max_mf/printed_graph17.max_mf.mps,cache_dir/max_flow/printed_graph17.max_mf/printed_graph17.max_mf.std,cache_dir/max_flow/printed_graph17.max_mf/printed_graph17.max_mf.data,1,1,1,,False,False,False,False,False,False,,,,,,,,,,,,,,,,292.422255,,,,,,,,,,,,,,,,
max_flow,printed_graph18.max_mf,cache_dir/max_flow/printed_graph18.max_mf,cache_dir/max_flow/printed_graph18.max_mf/printed_graph18.max_mf.mps,cache_dir/max_flow/printed_graph18.max_mf/printed_graph18.max_mf.std,cache_dir/max_flow/printed_graph18.max_mf/printed_graph18.max_mf.data,1,1,1,,False,False,False,False,True,True,,,,,,,,,,,,,,,,271.272493,505.65422971802764,505.22753863502294,,,,,,,,,,,,,,
max_flow,printed_graph19.max_mf,cache_dir/max_flow/printed_graph19.max_mf,cache_dir/max_flow/printed_graph19.max_mf/printed_graph19.max_mf.mps,cache_dir/max_flow/printed_graph19.max_mf/printed_graph19.max_mf.std,cache_dir/max_flow/printed_graph19.max_mf/printed_graph19.max_mf.data,1,1,1,,False,False,False,False,False,False,,,,,,,,,,,,,,,,356.489205,,,,,,,,,,,,,,,,
max_flow,printed_graph2.max_mf,cache_dir/max_flow/printed_graph2.max_mf,cache_dir/max_flow/printed_graph2.max_mf/printed_graph2.max_mf.mps,cache_dir/max_flow/printed_graph2.max_mf/printed_graph2.max_mf.std,cache_dir/max_flow/printed_graph2.max_mf/printed_graph2.max_mf.data,1,1,1,,False,False,False,False,True,True,,,,,,,,,,,,,,,,236.629954,546.0539300520904,547.703724861145,,,,,,,,,,,,,,
max_flow,printed_graph20.max_mf,cache_dir/max_flow/printed_graph20.max_mf,cache_dir/max_flow/printed_graph20.max_mf/printed_graph20.max_mf.mps,cache_dir/max_flow/printed_graph20.max_mf/printed_graph20.max_mf.std,cache_dir/max_flow/printed_graph20.max_mf/printed_graph20.max_mf.data,1,1,1,,False,False,False,False,True,True,,,,,,,,,,,,,,,,286.246715,448.9835903819185,448.41903308290057,,,,,,,,,,,,,,
max_flow,printed_graph21.max_mf,cache_dir/max_flow/printed_graph21.max_mf,cache_dir/max_flow/printed_graph21.max_mf/printed_graph21.max_mf.mps,cache_dir/max_flow/printed_graph21.max_mf/printed_graph21.max_mf.std,cache_dir/max_flow/printed_graph21.max_mf/printed_graph21.max_mf.data,1,1,1,,False,False,False,False,False,False,,,,,,,,,,,,,,,,252.285351,,,,,,,,,,,,,,,,
max_flow,printed_graph22.max_mf,cache_dir/max_flow/printed_graph22.max_mf,cache_dir/max_flow/printed_graph22.max_mf/printed_graph22.max_mf.mps,cache_dir/max_flow/printed_graph22.max_mf/printed_graph22.max_mf.std,cache_dir/max_flow/printed_graph22.max_mf/printed_graph22.max_mf.data,1,1,1,,False,False,False,False,True,True,,,,,,,,,,,,,,,,288.701393,233.3707613358274,232.99187180795707,,,,,,,,,,,,,,
max_flow,printed_graph23.max_mf,cache_dir/max_flow/printed_graph23.max_mf,cache_dir/max_flow/printed_graph23.max_mf/printed_graph23.max_mf.mps,cache_dir/max_flow/printed_graph23.max_mf/printed_graph23.max_mf.std,cache_dir/max_flow/printed_graph23.max_mf/printed_graph23.max_mf.data,1,1,1,,False,False,False,False,False,False,,,,,,,,,,,,,,,,318.040098,,,,,,,,,,,,,,,,
max_flow,printed_graph24.max_mf,cache_dir/max_flow/printed_graph24.max_mf,cache_dir/max_flow/printed_graph24.max_mf/printed_graph24.max_mf.mps,cache_dir/max_flow/printed_graph24.max_mf/printed_graph24.max_mf.std,cache_dir/max_flow/printed_graph24.max_mf/printed_graph24.max_mf.data,1,1,1,,False,False,False,False,False,False,,,,,,,,,,,,,,,,311.795143,,,,,,,,,,,,,,,,
max_flow,printed_graph25.max_mf,cache_dir/max_flow/printed_graph25.max_mf,cache_dir/max_flow/printed_graph25.max_mf/printed_graph25.max_mf.mps,cache_dir/max_flow/printed_graph25.max_mf/printed_graph25.max_mf.std,cache_dir/max_flow/printed_graph25.max_mf/printed_graph25.max_mf.data,1,1,1,,False,False,False,False,True,True,,,,,,,,,,,,,,,,201.561163,150.33946156292222,150.28789548482746,,,,,,,,,,,,,,
max_flow,printed_graph26.max_mf,cache_dir/max_flow/printed_graph26.max_mf,cache_dir/max_flow/printed_graph26.max_mf/printed_graph26.max_mf.mps,cache_dir/max_flow/printed_graph26.max_mf/printed_graph26.max_mf.std,cache_dir/max_flow/printed_graph26.max_mf/printed_graph26.max_mf.data,1,1,1,,False,False,False,False,True,True,,,,,,,,,,,,,,,,178.191339,144.5087110658642,145.18336523580365,,,,,,,,,,,,,,
max_flow,printed_graph27.max_mf,cache_dir/max_flow/printed_graph27.max_mf,cache_dir/max_flow/printed_graph27.max_mf/printed_graph27.max_mf.mps,cache_dir/max_flow/printed_graph27.max_mf/printed_graph27.max_mf.std,cache_dir/max_flow/printed_graph27.max_mf/printed_graph27.max_mf.data,1,1,1,,False,False,False,False,False,False,,,,,,,,,,,,,,,,324.856857,,,,,,,,,,,,,,,,
max_flow,printed_graph28.max_mf,cache_dir/max_flow/printed_graph28.max_mf,cache_dir/max_flow/printed_graph28.max_mf/printed_graph28.max_mf.mps,cache_dir/max_flow/printed_graph28.max_mf/printed_graph28.max_mf.std,cache_dir/max_flow/printed_graph28.max_mf/printed_graph28.max_mf.data,1,1,1,,False,False,False,False,True,True,,,,,,,,,,,,,,,,323.273645,136.63091503898613,136.56157965702005,,,,,,,,,,,,,,
max_flow,printed_graph29.max_mf,cache_dir/max_flow/printed_graph29.max_mf,cache_dir/max_flow/printed_graph29.max_mf/printed_graph29.max_mf.mps,cache_dir/max_flow/printed_graph29.max_mf/printed_graph29.max_mf.std,cache_dir/max_flow/printed_graph29.max_mf/printed_graph29.max_mf.data,1,1,1,,False,False,False,False,False,False,,,,,,,,,,,,,,,,327.864969,,,,,,,,,,,,,,,,
max_flow,printed_graph3.max_mf,cache_dir/max_flow/printed_graph3.max_mf,cache_dir/max_flow/printed_graph3.max_mf/printed_graph3.max_mf.mps,cache_dir/max_flow/printed_graph3.max_mf/printed_graph3.max_mf.std,cache_dir/max_flow/printed_graph3.max_mf/printed_graph3.max_mf.data,1,1,1,,False,False,False,False,True,True,,,,,,,,,,,,,,,,201.395929,215.92339656502008,216.35042819590308,,,,,,,,,,,,,,
max_flow,printed_graph30.max_mf,cache_dir/max_flow/printed_graph30.max_mf,cache_dir/max_flow/printed_graph30.max_mf/printed_graph30.max_mf.mps,cache_dir/max_flow/printed_graph30.max_mf/printed_graph30.max_mf.std,cache_dir/max_flow/printed_graph30.max_mf/printed_graph30.max_mf.data,1,1,1,,False,False,False,False,False,False,,,,,,,,,,,,,,,,330.995566,,,,,,,,,,,,,,,,
max_flow,printed_graph31.max_mf,cache_dir/max_flow/printed_graph31.max_mf,cache_dir/max_flow/printed_graph31.max_mf/printed_graph31.max_mf.mps,cache_dir/max_flow/printed_graph31.max_mf/printed_graph31.max_mf.std,cache_dir/max_flow/printed_graph31.max_mf/printed_graph31.max_mf.data,1,1,1,,False,False,False,False,True,True,,,,,,,,,,,,,,,,292.909545,105.2559759952128,105.44097313703969,,,,,,,,,,,,,,
max_flow,printed_graph32.max_mf,cache_dir/max_flow/printed_graph32.max_mf,cache_dir/max_flow/printed_graph32.max_mf/printed_graph32.max_mf.mps,cache_dir/max_flow/printed_graph32.max_mf/printed_graph32.max_mf.std,cache_dir/max_flow/printed_graph32.max_mf/printed_graph32.max_mf.data,1,1,1,,False,False,False,False,True,True,,,,,,,,,,,,,,,,297.502482,154.61051592906006,154.52717686304823,,,,,,,,,,,,,,
max_flow,printed_graph33.max_mf,cache_dir/max_flow/printed_graph33.max_mf,cache_dir/max_flow/printed_graph33.max_mf/printed_graph33.max_mf.mps,cache_dir/max_flow/printed_graph33.max_mf/printed_graph33.max_mf.std,cache_dir/max_flow/printed_graph33.max_mf/printed_graph33.max_mf.data,1,1,1,,False,False,False,False,True,True,,,,,,,,,,,,,,,,251.470579,198.63727728300728,198.72584775905125,,,,,,,,,,,,,,
max_flow,printed_graph34.max_mf,cache_dir/max_flow/printed_graph34.max_mf,cache_dir/max_flow/printed_graph34.max_mf/printed_graph34.max_mf.mps,cache_dir/max_flow/printed_graph34.max_mf/printed_graph34.max_mf.std,cache_dir/max_flow/printed_graph34.max_mf/printed_graph34.max_mf.data,1,1,1,,False,False,False,False,True,True,,,,,,,,,,,,,,,,277.928171,578.1031484690029,579.1780453959946,,,,,,,,,,,,,,
max_flow,printed_graph35.max_mf,cache_dir/max_flow/printed_graph35.max_mf,cache_dir/max_flow/printed_graph35.max_mf/printed_graph35.max_mf.mps,cache_dir/max_flow/printed_graph35.max_mf/printed_graph35.max_mf.std,cache_dir/max_flow/printed_graph35.max_mf/printed_graph35.max_mf.data,1,1,1,,False,False,False,False,True,True,,,,,,,,,,,,,,,,210.749811,244.1207102399785,243.0939652491361,,,,,,,,,,,,,,
max_flow,printed_graph36.max_mf,cache_dir/max_flow/printed_graph36.max_mf,cache_dir/max_flow/printed_graph36.max_mf/printed_graph36.max_mf.mps,cache_dir/max_flow/printed_graph36.max_mf/printed_graph36.max_mf.std,cache_dir/max_flow/printed_graph36.max_mf/printed_graph36.max_mf.data,1,1,1,,False,False,False,False,True,True,,,,,,,,,,,,,,,,256.372741,413.76748314197175,413.0635405899957,,,,,,,,,,,,,,
max_flow,printed_graph37.max_mf,cache_dir/max_flow/printed_graph37.max_mf,cache_dir/max_flow/printed_graph37.max_mf/printed_graph37.max_mf.mps,cache_dir/max_flow/printed_graph37.max_mf/printed_graph37.max_mf.std,cache_dir/max_flow/printed_graph37.max_mf/printed_graph37.max_mf.data,1,1,1,,False,False,False,False,True,True,,,,,,,,,,,,,,,,303.379249,346.1173617460299,345.98676183004864,,,,,,,,,,,,,,
max_flow,printed_graph38.max_mf,cache_dir/max_flow/printed_graph38.max_mf,cache_dir/max_flow/printed_graph38.max_mf/printed_graph38.max_mf.mps,cache_dir/max_flow/printed_graph38.max_mf/printed_graph38.max_mf.std,cache_dir/max_flow/printed_graph38.max_mf/printed_graph38.max_mf.data,1,1,1,,False,False,False,False,False,False,,,,,,,,,,,,,,,,240.256222,,,,,,,,,,,,,,,,
max_flow,printed_graph39.max_mf,cache_dir/max_flow/printed_graph39.max_mf,cache_dir/max_flow/printed_graph39.max_mf/printed_graph39.max_mf.mps,cache_dir/max_flow/printed_graph39.max_mf/printed_graph39.max_mf.std,cache_dir/max_flow/printed_graph39.max_mf/printed_graph39.max_mf.data,1,1,1,,False,False,False,False,True,True,,,,,,,,,,,,,,,,279.758938,360.09123139618896,359.2953596941661,,,,,,,,,,,,,,
max_flow,printed_graph4.max_mf,cache_dir/max_flow/printed_graph4.max_mf,cache_dir/max_flow/printed_graph4.max_mf/printed_graph4.max_mf.mps,cache_dir/max_flow/printed_graph4.max_mf/printed_graph4.max_mf.std,cache_dir/max_flow/printed_graph4.max_mf/printed_graph4.max_mf.data,1,1,1,,False,False,False,False,True,True,,,,,,,,,,,,,,,,289.598325,460.57750906213187,460.8989060050808,,,,,,,,,,,,,,
max_flow,printed_graph40.max_mf,cache_dir/max_flow/printed_graph40.max_mf,cache_dir/max_flow/printed_graph40.max_mf/printed_graph40.max_mf.mps,cache_dir/max_flow/printed_graph40.max_mf/printed_graph40.max_mf.std,cache_dir/max_flow/printed_graph40.max_mf/printed_graph40.max_mf.data,1,1,1,,False,False,False,False,True,True,,,,,,,,,,,,,,,,237.59495,280.86625353596173,280.46631602197886,,,,,,,,,,,,,,
max_flow,printed_graph41.max_mf,cache_dir/max_flow/printed_graph41.max_mf,cache_dir/max_flow/printed_graph41.max_mf/printed_graph41.max_mf.mps,cache_dir/max_flow/printed_graph41.max_mf/printed_graph41.max_mf.std,cache_dir/max_flow/printed_graph41.max_mf/printed_graph41.max_mf.data,1,1,1,,False,False,False,False,True,True,,,,,,,,,,,,,,,,279.380784,406.23203646508045,406.9654482170008,,,,,,,,,,,,,,
max_flow,printed_graph42.max_mf,cache_dir/max_flow/printed_graph42.max_mf,cache_dir/max_flow/printed_graph42.max_mf/printed_graph42.max_mf.mps,cache_dir/max_flow/printed_graph42.max_mf/printed_graph42.max_mf.std,cache_dir/max_flow/printed_graph42.max_mf/printed_graph42.max_mf.data,1,1,1,,False,False,False,False,True,True,,,,,,,,,,,,,,,,243.207028,293.6878091339022,291.7267257969361,,,,,,,,,,,,,,
max_flow,printed_graph43.max_mf,cache_dir/max_flow/printed_graph43.max_mf,cache_dir/max_flow/printed_graph43.max_mf/printed_graph43.max_mf.mps,cache_dir/max_flow/printed_graph43.max_mf/printed_graph43.max_mf.std,cache_dir/max_flow/printed_graph43.max_mf/printed_graph43.max_mf.data,1,1,1,,False,False,False,False,True,True,,,,,,,,,,,,,,,,304.508746,328.5719982380979,328.02542211394757,,,,,,,,,,,,,,
max_flow,printed_graph44.max_mf,cache_dir/max_flow/printed_graph44.max_mf,cache_dir/max_flow/printed_graph44.max_mf/printed_graph44.max_mf.mps,cache_dir/max_flow/printed_graph44.max_mf/printed_graph44.max_mf.std,cache_dir/max_flow/printed_graph44.max_mf/printed_graph44.max_mf.data,1,1,1,,False,False,False,False,True,True,,,,,,,,,,,,,,,,314.256296,101.19994584983215,101.04139449587092,,,,,,,,,,,,,,
max_flow,printed_graph45.max_mf,cache_dir/max_flow/printed_graph45.max_mf,cache_dir/max_flow/printed_graph45.max_mf/printed_graph45.max_mf.mps,cache_dir/max_flow/printed_graph45.max_mf/printed_graph45.max_mf.std,cache_dir/max_flow/printed_graph45.max_mf/printed_graph45.max_mf.data,1,1,1,,False,False,False,False,False,False,,,,,,,,,,,,,,,,269.596193,,,,,,,,,,,,,,,,
max_flow,printed_graph46.max_mf,cache_dir/max_flow/printed_graph46.max_mf,cache_dir/max_flow/printed_graph46.max_mf/printed_graph46.max_mf.mps,cache_dir/max_flow/printed_graph46.max_mf/printed_graph46.max_mf.std,cache_dir/max_flow/printed_graph46.max_mf/printed_graph46.max_mf.data,1,1,1,,False,False,False,False,False,False,,,,,,,,,,,,,,,,291.969393,,,,,,,,,,,,,,,,
max_flow,printed_graph47.max_mf,cache_dir/max_flow/printed_graph47.max_mf,cache_dir/max_flow/printed_graph47.max_mf/printed_graph47.max_mf.mps,cache_dir/max_flow/printed_graph47.max_mf/printed_graph47.max_mf.std,cache_dir/max_flow/printed_graph47.max_mf/printed_graph47.max_mf.data,1,1,1,,False,False,False,False,False,False,,,,,,,,,,,,,,,,288.773666,,,,,,,,,,,,,,,,
max_flow,printed_graph48.max_mf,cache_dir/max_flow/printed_graph48.max_mf,cache_dir/max_flow/printed_graph48.max_mf/printed_graph48.max_mf.mps,cache_dir/max_flow/printed_graph48.max_mf/printed_graph48.max_mf.std,cache_dir/max_flow/printed_graph48.max_mf/printed_graph48.max_mf.data,1,1,1,,False,False,False,False,True,True,,,,,,,,,,,,,,,,248.878927,308.33031542995013,307.0554864660371,,,,,,,,,,,,,,
max_flow,printed_graph49.max_mf,cache_dir/max_flow/printed_graph49.max_mf,cache_dir/max_flow/printed_graph49.max_mf/printed_graph49.max_mf.mps,cache_dir/max_flow/printed_graph49.max_mf/printed_graph49.max_mf.std,cache_dir/max_flow/printed_graph49.max_mf/printed_graph49.max_mf.data,1,1,1,,False,False,False,False,True,True,,,,,,,,,,,,,,,,209.758034,260.9211095550563,260.52109204698354,,,,,,,,,,,,,,
max_flow,printed_graph5.max_mf,cache_dir/max_flow/printed_graph5.max_mf,cache_dir/max_flow/printed_graph5.max_mf/printed_graph5.max_mf.mps,cache_dir/max_flow/printed_graph5.max_mf/printed_graph5.max_mf.std,cache_dir/max_flow/printed_graph5.max_mf/printed_graph5.max_mf.data,1,1,1,,False,False,False,False,False,False,,,,,,,,,,,,,,,,292.862406,,,,,,,,,,,,,,,,
max_flow,printed_graph50.max_mf,cache_dir/max_flow/printed_graph50.max_mf,cache_dir/max_flow/printed_graph50.max_mf/printed_graph50.max_mf.mps,cache_dir/max_flow/printed_graph50.max_mf/printed_graph50.max_mf.std,cache_dir/max_flow/printed_graph50.max_mf/printed_graph50.max_mf.data,1,1,1,,False,False,False,False,True,True,,,,,,,,,,,,,,,,295.220168,298.40376232611015,298.3330543618649,,,,,,,,,,,,,,
max_flow,printed_graph51.max_mf,cache_dir/max_flow/printed_graph51.max_mf,cache_dir/max_flow/printed_graph51.max_mf/printed_graph51.max_mf.mps,cache_dir/max_flow/printed_graph51.max_mf/printed_graph51.max_mf.std,cache_dir/max_flow/printed_graph51.max_mf/printed_graph51.max_mf.data,1,1,1,,False,False,False,False,True,True,,,,,,,,,,,,,,,,280.015172,213.41242335899733,213.2681133770384,,,,,,,,,,,,,,
max_flow,printed_graph52.max_mf,cache_dir/max_flow/printed_graph52.max_mf,cache_dir/max_flow/printed_graph52.max_mf/printed_graph52.max_mf.mps,cache_dir/max_flow/printed_graph52.max_mf/printed_graph52.max_mf.std,cache_dir/max_flow/printed_graph52.max_mf/printed_graph52.max_mf.data,1,1,1,,False,False,False,False,False,False,,,,,,,,,,,,,,,,272.914951,,,,,,,,,,,,,,,,
max_flow,printed_graph53.max_mf,cache_dir/max_flow/printed_graph53.max_mf,cache_dir/max_flow/printed_graph53.max_mf/printed_graph53.max_mf.mps,cache_dir/max_flow/printed_graph53.max_mf/printed_graph53.max_mf.std,cache_dir/max_flow/printed_graph53.max_mf/printed_graph53.max_mf.data,1,1,1,,False,False,False,False,False,False,,,,,,,,,,,,,,,,275.330791,,,,,,,,,,,,,,,,
max_flow,printed_graph54.max_mf,cache_dir/max_flow/printed_graph54.max_mf,cache_dir/max_flow/printed_graph54.max_mf/printed_graph54.max_mf.mps,cache_dir/max_flow/printed_graph54.max_mf/printed_graph54.max_mf.std,cache_dir/max_flow/printed_graph54.max_mf/printed_graph54.max_mf.data,1,1,1,,False,False,False,False,True,True,,,,,,,,,,,,,,,,267.436109,496.82501041097566,502.0668601030484,,,,,,,,,,,,,,
max_flow,printed_graph55.max_mf,cache_dir/max_flow/printed_graph55.max_mf,cache_dir/max_flow/printed_graph55.max_mf/printed_graph55.max_mf.mps,cache_dir/max_flow/printed_graph55.max_mf/printed_graph55.max_mf.std,cache_dir/max_flow/printed_graph55.max_mf/printed_graph55.max_mf.data,1,1,1,,False,False,False,False,False,False,,,,,,,,,,,,,,,,340.462326,,,,,,,,,,,,,,,,
max_flow,printed_graph56.max_mf,cache_dir/max_flow/printed_graph56.max_mf,cache_dir/max_flow/printed_graph56.max_mf/printed_graph56.max_mf.mps,cache_dir/max_flow/printed_graph56.max_mf/printed_graph56.max_mf.std,cache_dir/max_flow/printed_graph56.max_mf/printed_graph56.max_mf.data,1,1,1,,False,False,False,False,False,False,,,,,,,,,,,,,,,,260.221238,,,,,,,,,,,,,,,,
max_flow,printed_graph57.max_mf,cache_dir/max_flow/printed_graph57.max_mf,cache_dir/max_flow/printed_graph57.max_mf/printed_graph57.max_mf.mps,cache_dir/max_flow/printed_graph57.max_mf/printed_graph57.max_mf.std,cache_dir/max_flow/printed_graph57.max_mf/printed_graph57.max_mf.data,1,1,1,,False,False,False,False,True,True,,,,,,,,,,,,,,,,268.241542,343.2560437419452,343.4678916509729,,,,,,,,,,,,,,
max_flow,printed_graph59.max_mf,cache_dir/max_flow/printed_graph59.max_mf,cache_dir/max_flow/printed_graph59.max_mf/printed_graph59.max_mf.mps,cache_dir/max_flow/printed_graph59.max_mf/printed_graph59.max_mf.std,cache_dir/max_flow/printed_graph59.max_mf/printed_graph59.max_mf.data,1,1,1,,False,False,False,False,True,True,,,,,,,,,,,,,,,,262.289696,231.33303801808506,231.14576266612858,,,,,,,,,,,,,,
max_flow,printed_graph6.max_mf,cache_dir/max_flow/printed_graph6.max_mf,cache_dir/max_flow/printed_graph6.max_mf/printed_graph6.max_mf.mps,cache_dir/max_flow/printed_graph6.max_mf/printed_graph6.max_mf.std,cache_dir/max_flow/printed_graph6.max_mf/printed_graph6.max_mf.data,1,1,1,,False,False,False,False,False,False,,,,,,,,,,,,,,,,291.107001,,,,,,,,,,,,,,,,
max_flow,printed_graph60.max_mf,cache_dir/max_flow/printed_graph60.max_mf,cache_dir/max_flow/printed_graph60.max_mf/printed_graph60.max_mf.mps,cache_dir/max_flow/printed_graph60.max_mf/printed_graph60.max_mf.std,cache_dir/max_flow/printed_graph60.max_mf/printed_graph60.max_mf.data,1,1,1,,False,False,False,False,True,True,,,,,,,,,,,,,,,,297.260609,445.7802792999428,445.7425259910524,,,,,,,,,,,,,,
max_flow,printed_graph61.max_mf,cache_dir/max_flow/printed_graph61.max_mf,cache_dir/max_flow/printed_graph61.max_mf/printed_graph61.max_mf.mps,cache_dir/max_flow/printed_graph61.max_mf/printed_graph61.max_mf.std,cache_dir/max_flow/printed_graph61.max_mf/printed_graph61.max_mf.data,1,1,1,,False,False,False,False,True,True,,,,,,,,,,,,,,,,273.938455,224.69275801302865,223.91241150791757,,,,,,,,,,,,,,
max_flow,printed_graph62.max_mf,cache_dir/max_flow/printed_graph62.max_mf,cache_dir/max_flow/printed_graph62.max_mf/printed_graph62.max_mf.mps,cache_dir/max_flow/printed_graph62.max_mf/printed_graph62.max_mf.std,cache_dir/max_flow/printed_graph62.max_mf/printed_graph62.max_mf.data,1,1,1,,False,False,False,False,True,True,,,,,,,,,,,,,,,,236.314922,530.2309966329485,527.6214597660583,,,,,,,,,,,,,,
max_flow,printed_graph63.max_mf,cache_dir/max_flow/printed_graph63.max_mf,cache_dir/max_flow/printed_graph63.max_mf/printed_graph63.max_mf.mps,cache_dir/max_flow/printed_graph63.max_mf/printed_graph63.max_mf.std,cache_dir/max_flow/printed_graph63.max_mf/printed_graph63.max_mf.data,1,1,1,,False,False,False,False,False,False,,,,,,,,,,,,,,,,331.941607,,,,,,,,,,,,,,,,
max_flow,printed_graph64.max_mf,cache_dir/max_flow/printed_graph64.max_mf,cache_dir/max_flow/printed_graph64.max_mf/printed_graph64.max_mf.mps,cache_dir/max_flow/printed_graph64.max_mf/printed_graph64.max_mf.std,cache_dir/max_flow/printed_graph64.max_mf/printed_graph64.max_mf.data,1,1,1,,False,False,False,False,True,True,,,,,,,,,,,,,,,,253.838016,467.63399699912407,465.17602873197757,,,,,,,,,,,,,,
max_flow,printed_graph65.max_mf,cache_dir/max_flow/printed_graph65.max_mf,cache_dir/max_flow/printed_graph65.max_mf/printed_graph65.max_mf.mps,cache_dir/max_flow/printed_graph65.max_mf/printed_graph65.max_mf.std,cache_dir/max_flow/printed_graph65.max_mf/printed_graph65.max_mf.data,1,1,1,,False,False,False,False,True,True,,,,,,,,,,,,,,,,306.120164,547.5513974609785,546.3603900701273,,,,,,,,,,,,,,
max_flow,printed_graph66.max_mf,cache_dir/max_flow/printed_graph66.max_mf,cache_dir/max_flow/printed_graph66.max_mf/printed_graph66.max_mf.mps,cache_dir/max_flow/printed_graph66.max_mf/printed_graph66.max_mf.std,cache_dir/max_flow/printed_graph66.max_mf/printed_graph66.max_mf.data,1,1,1,,False,False,False,False,False,False,,,,,,,,,,,,,,,,310.000541,,,,,,,,,,,,,,,,
max_flow,printed_graph67.max_mf,cache_dir/max_flow/printed_graph67.max_mf,cache_dir/max_flow/printed_graph67.max_mf/printed_graph67.max_mf.mps,cache_dir/max_flow/printed_graph67.max_mf/printed_graph67.max_mf.std,cache_dir/max_flow/printed_graph67.max_mf/printed_graph67.max_mf.data,1,1,1,,False,False,False,False,False,False,,,,,,,,,,,,,,,,330.877127,,,,,,,,,,,,,,,,
max_flow,printed_graph68.max_mf,cache_dir/max_flow/printed_graph68.max_mf,cache_dir/max_flow/printed_graph68.max_mf/printed_graph68.max_mf.mps,cache_dir/max_flow/printed_graph68.max_mf/printed_graph68.max_mf.std,cache_dir/max_flow/printed_graph68.max_mf/printed_graph68.max_mf.data,1,1,1,,False,False,False,False,True,True,,,,,,,,,,,,,,,,213.466931,188.83763295109384,188.17846770607866,,,,,,,,,,,,,,
max_flow,printed_graph69.max_mf,cache_dir/max_flow/printed_graph69.max_mf,cache_dir/max_flow/printed_graph69.max_mf/printed_graph69.max_mf.mps,cache_dir/max_flow/printed_graph69.max_mf/printed_graph69.max_mf.std,cache_dir/max_flow/printed_graph69.max_mf/printed_graph69.max_mf.data,1,1,1,,False,False,False,False,False,False,,,,,,,,,,,,,,,,306.622659,,,,,,,,,,,,,,,,
max_flow,printed_graph7.max_mf,cache_dir/max_flow/printed_graph7.max_mf,cache_dir/max_flow/printed_graph7.max_mf/printed_graph7.max_mf.mps,cache_dir/max_flow/printed_graph7.max_mf/printed_graph7.max_mf.std,cache_dir/max_flow/printed_graph7.max_mf/printed_graph7.max_mf.data,1,1,1,,False,False,False,False,True,True,,,,,,,,,,,,,,,,254.217338,485.08106069709174,487.4165342298802,,,,,,,,,,,,,,
max_flow,printed_graph70.max_mf,cache_dir/max_flow/printed_graph70.max_mf,cache_dir/max_flow/printed_graph70.max_mf/printed_graph70.max_mf.mps,cache_dir/max_flow/printed_graph70.max_mf/printed_graph70.max_mf.std,cache_dir/max_flow/printed_graph70.max_mf/printed_graph70.max_mf.data,1,1,1,,False,False,False,False,True,True,,,,,,,,,,,,,,,,291.03314,494.0425772690214,493.2097672391683,,,,,,,,,,,,,,
max_flow,printed_graph71.max_mf,cache_dir/max_flow/printed_graph71.max_mf,cache_dir/max_flow/printed_graph71.max_mf/printed_graph71.max_mf.mps,cache_dir/max_flow/printed_graph71.max_mf/printed_graph71.max_mf.std,cache_dir/max_flow/printed_graph71.max_mf/printed_graph71.max_mf.data,1,1,1,,False,False,False,False,True,True,,,,,,,,,,,,,,,,213.409563,257.3928737700917,256.5125280879438,,,,,,,,,,,,,,
max_flow,printed_graph72.max_mf,cache_dir/max_flow/printed_graph72.max_mf,cache_dir/max_flow/printed_graph72.max_mf/printed_graph72.max_mf.mps,cache_dir/max_flow/printed_graph72.max_mf/printed_graph72.max_mf.std,cache_dir/max_flow/printed_graph72.max_mf/printed_graph72.max_mf.data,1,1,1,,False,False,False,False,False,False,,,,,,,,,,,,,,,,317.959664,,,,,,,,,,,,,,,,
max_flow,printed_graph73.max_mf,cache_dir/max_flow/printed_graph73.max_mf,cache_dir/max_flow/printed_graph73.max_mf/printed_graph73.max_mf.mps,cache_dir/max_flow/printed_graph73.max_mf/printed_graph73.max_mf.std,cache_dir/max_flow/printed_graph73.max_mf/printed_graph73.max_mf.data,1,1,1,,False,False,False,False,False,False,,,,,,,,,,,,,,,,328.956611,,,,,,,,,,,,,,,,
max_flow,printed_graph74.max_mf,cache_dir/max_flow/printed_graph74.max_mf,cache_dir/max_flow/printed_graph74.max_mf/printed_graph74.max_mf.mps,cache_dir/max_flow/printed_graph74.max_mf/printed_graph74.max_mf.std,cache_dir/max_flow/printed_graph74.max_mf/printed_graph74.max_mf.data,1,1,1,,False,False,False,False,True,True,,,,,,,,,,,,,,,,285.099345,498.17132634297013,498.67127979709767,,,,,,,,,,,,,,
max_flow,printed_graph75.max_mf,cache_dir/max_flow/printed_graph75.max_mf,cache_dir/max_flow/printed_graph75.max_mf/printed_graph75.max_mf.mps,cache_dir/max_flow/printed_graph75.max_mf/printed_graph75.max_mf.std,cache_dir/max_flow/printed_graph75.max_mf/printed_graph75.max_mf.data,1,1,1,,False,False,False,False,True,True,,,,,,,,,,,,,,,,208.754096,298.61933207605034,298.6448703859933,,,,,,,,,,,,,,
max_flow,printed_graph76.max_mf,cache_dir/max_flow/printed_graph76.max_mf,cache_dir/max_flow/printed_graph76.max_mf/printed_graph76.max_mf.mps,cache_dir/max_flow/printed_graph76.max_mf/printed_graph76.max_mf.std,cache_dir/max_flow/printed_graph76.max_mf/printed_graph76.max_mf.data,1,1,1,,False,False,False,False,True,True,,,,,,,,,,,,,,,,197.291507,262.2673959429376,261.831215810962,,,,,,,,,,,,,,
max_flow,printed_graph77.max_mf,cache_dir/max_flow/printed_graph77.max_mf,cache_dir/max_flow/printed_graph77.max_mf/printed_graph77.max_mf.mps,cache_dir/max_flow/printed_graph77.max_mf/printed_graph77.max_mf.std,cache_dir/max_flow/printed_graph77.max_mf/printed_graph77.max_mf.data,1,1,1,,False,False,False,False,True,True,,,,,,,,,,,,,,,,294.316598,503.30364935216494,502.51514332485385,,,,,,,,,,,,,,
max_flow,printed_graph78.max_mf,cache_dir/max_flow/printed_graph78.max_mf,cache_dir/max_flow/printed_graph78.max_mf/printed_graph78.max_mf.mps,cache_dir/max_flow/printed_graph78.max_mf/printed_graph78.max_mf.std,cache_dir/max_flow/printed_graph78.max_mf/printed_graph78.max_mf.data,1,1,1,,False,False,False,False,True,True,,,,,,,,,,,,,,,,222.249462,451.3042084008921,451.28187335282564,,,,,,,,,,,,,,
max_flow,printed_graph79.max_mf,cache_dir/max_flow/printed_graph79.max_mf,cache_dir/max_flow/printed_graph79.max_mf/printed_graph79.max_mf.mps,cache_dir/max_flow/printed_graph79.max_mf/printed_graph79.max_mf.std,cache_dir/max_flow/printed_graph79.max_mf/printed_graph79.max_mf.data,1,1,1,,False,False,False,False,True,True,,,,,,,,,,,,,,,,241.315807,186.6095847878605,186.50382518093102,,,,,,,,,,,,,,
max_flow,printed_graph8.max_mf,cache_dir/max_flow/printed_graph8.max_mf,cache_dir/max_flow/printed_graph8.max_mf/printed_graph8.max_mf.mps,cache_dir/max_flow/printed_graph8.max_mf/printed_graph8.max_mf.std,cache_dir/max_flow/printed_graph8.max_mf/printed_graph8.max_mf.data,1,1,1,,False,False,False,False,True,True,,,,,,,,,,,,,,,,83.312311,34.991429831134155,34.9601841350086,,,,,,,,,,,,,,
max_flow,texture-Cremer.max_mf,cache_dir/max_flow/texture-Cremer.max_mf,cache_dir/max_flow/texture-Cremer.max_mf/texture-Cremer.max_mf.mps,cache_dir/max_flow/texture-Cremer.max_mf/texture-Cremer.max_mf.std,cache_dir/max_flow/texture-Cremer.max_mf/texture-Cremer.max_mf.data,1,1,1,,False,False,False,False,False,False,,,,,,,,,,,,,,,,200.945655,,,,,,,,,,,,,,,,
max_flow,texture-OLD-D103.max_mf,cache_dir/max_flow/texture-OLD-D103.max_mf,cache_dir/max_flow/texture-OLD-D103.max_mf/texture-OLD-D103.max_mf.mps,cache_dir/max_flow/texture-OLD-D103.max_mf/texture-OLD-D103.max_mf.std,cache_dir/max_flow/texture-OLD-D103.max_mf/texture-OLD-D103.max_mf.data,1,1,1,,False,False,False,False,False,False,,,,,,,,,,,,,,,,226.560663,,,,,,,,,,,,,,,,
max_flow,texture-Paper1.max_mf,cache_dir/max_flow/texture-Paper1.max_mf,cache_dir/max_flow/texture-Paper1.max_mf/texture-Paper1.max_mf.mps,cache_dir/max_flow/texture-Paper1.max_mf/texture-Paper1.max_mf.std,cache_dir/max_flow/texture-Paper1.max_mf/texture-Paper1.max_mf.data,1,1,1,,False,False,False,False,False,False,,,,,,,,,,,,,,,,224.629679,,,,,,,,,,,,,,,,
max_flow,texture-Temp.max_mf,cache_dir/max_flow/texture-Temp.max_mf,cache_dir/max_flow/texture-Temp.max_mf/texture-Temp.max_mf.mps,cache_dir/max_flow/texture-Temp.max_mf/texture-Temp.max_mf.std,cache_dir/max_flow/texture-Temp.max_mf/texture-Temp.max_mf.data,1,1,1,,False,False,False,False,True,True,,,,,,,,,,,,,,,,173.943036,591.8049692779314,590.7869063368998,,,,,,,,,,,,,,
max_flow,uperres_graph.max_mf,cache_dir/max_flow/uperres_graph.max_mf,cache_dir/max_flow/uperres_graph.max_mf/uperres_graph.max_mf.mps,cache_dir/max_flow/uperres_graph.max_mf/uperres_graph.max_mf.std,cache_dir/max_flow/uperres_graph.max_mf/uperres_graph.max_mf.data,1,1,1,,False,False,False,False,True,True,,,,,,,,,,,,,,,,73.416978,1.9084352280478925,1.9086096519604325,,,,,,,,,,,,,,
miplib,bley_xl1,cache_dir/miplib/bley_xl1,cache_dir/miplib/bley_xl1/bley_xl1.mps,cache_dir/miplib/bley_xl1/bley_xl1.std,cache_dir/miplib/bley_xl1/bley_xl1.data,1,1,1,,False,False,False,False,False,False,,,,,,,,,,,,,,,,56.746202,,,,,,,,,,,,,,,,
miplib,map18,cache_dir/miplib/map18,cache_dir/miplib/map18/map18.mps,cache_dir/miplib/map18/map18.std,cache_dir/miplib/map18/map18.data,1,1,1,,False,False,False,False,True,True,,,,,,,,,,,,,,,,62.762503,5.41861650487408,8.550749418092892,,,,,,,,,,,,,,
miplib,map20,cache_dir/miplib/map20,cache_dir/miplib/map20/map20.mps,cache_dir/miplib/map20/map20.std,cache_dir/miplib/map20/map20.data,1,1,1,,False,False,False,False,True,True,,,,,,,,,,,,,,,,61.410663,4.322302490007132,7.34585262904875,,,,,,,,,,,,,,
miplib,mspp16,cache_dir/miplib/mspp16,cache_dir/miplib/mspp16/mspp16.mps,cache_dir/miplib/mspp16/mspp16.std,cache_dir/miplib/mspp16/mspp16.data,1,1,1,,False,False,False,False,True,True,,,,,,,,,,,,,,,,8.148871,18.94731209310703,509.8581965889316,,,,,,,,,,,,,,
miplib,n3seq24,cache_dir/miplib/n3seq24,cache_dir/miplib/n3seq24/n3seq24.mps,cache_dir/miplib/n3seq24/n3seq24.std,cache_dir/miplib/n3seq24/n3seq24.data,1,1,1,,False,False,False,False,True,True,,,,,,,,,,,,,,,,12.681652,5.702183298068121,6.09018385107629,,,,,,,,,,,,,,
miplib,netdiversion,cache_dir/miplib/netdiversion,cache_dir/miplib/netdiversion/netdiversion.mps,cache_dir/miplib/netdiversion/netdiversion.std,cache_dir/miplib/netdiversion/netdiversion.data,1,1,1,,False,False,False,False,True,False,,,,,,,,,,,,,,,,42.632703,12.382260190090165,,,,,,,,,,,,,,,
miplib,ns1758913,cache_dir/miplib/ns1758913,cache_dir/miplib/ns1758913/ns1758913.mps,cache_dir/miplib/ns1758913/ns1758913.std,cache_dir/miplib/ns1758913/ns1758913.data,1,1,1,,False,False,False,False,True,True,,,,,,,,,,,,,,,,48.390901,30.1149553519208,139.37318711401895,,,,,,,,,,,,,,
miplib,tanglegram1,cache_dir/miplib/tanglegram1,cache_dir/miplib/tanglegram1/tanglegram1.mps,cache_dir/miplib/tanglegram1/tanglegram1.std,cache_dir/miplib/tanglegram1/tanglegram1.data,1,1,1,,False,False,False,False,True,True,,,,,,,,,,,,,,,,2.520664,0.36932028690353036,0.6122392150573432,,,,,,,,,,,,,,
miplib,triptim1,cache_dir/miplib/triptim1,cache_dir/miplib/triptim1/triptim1.mps,cache_dir/miplib/triptim1/triptim1.std,cache_dir/miplib/triptim1/triptim1.data,1,1,1,,True,True,True,True,True,False,73967381.62568636,345.30388080953827,5563380742308515282944,5563380742308515282944,45841740894091992,45841740894091992,0.1,1216331957915240,3462497896,2.1863180218194542e-07,7.553155330639376e-08,973065.566332192,2.7699983168,,,24.569364,63.62499850895256,,45740,45741,45740,66198,4573899.999999999,13239499.999999998,5563379525976557367704,45841737431594096,0.9999997813681978,0.9999999244684467,4450704593846.8125,36673392.7152736,,
miplib,vpphard,cache_dir/miplib/vpphard,cache_dir/miplib/vpphard/vpphard.mps,cache_dir/miplib/vpphard/vpphard.std,cache_dir/miplib/vpphard/vpphard.data,1,1,1,,True,False,True,False,True,True,,,,,,,0.1,,,,,,,,,19.430976,2.660290353000164,79.1932319640182,,,98552,149377,,,,,,,,,,
misc,baxter,cache_dir/misc/baxter,cache_dir/misc/baxter/baxter.mps,cache_dir/misc/baxter/baxter.std,cache_dir/misc/baxter/baxter.data,1,1,1,,True,False,True,False,True,True,,,,,,,0.1,,,,,,,,,20.635414,0.44160618307068944,0.6384315970353782,,,28563,31855,,,,,,,,,,
misc,dbir1,cache_dir/misc/dbir1,cache_dir/misc/dbir1/dbir1.mps,cache_dir/misc/dbir1/dbir1.std,cache_dir/misc/dbir1/dbir1.data,1,1,1,,True,False,True,False,True,True,,,,,,,0.1,,,,,,,,,6.028925,2.0251664519309998,2.566281934035942,,,18804,45775,,,,,,,,,,
misc,dbir2,cache_dir/misc/dbir2,cache_dir/misc/dbir2/dbir2.mps,cache_dir/misc/dbir2/dbir2.std,cache_dir/misc/dbir2/dbir2.data,1,1,1,,True,False,True,False,True,True,,,,,,,0.1,,,,,,,,,6.239352,1.9985497719608247,2.6088682441040874,,,18906,45877,,,,,,,,,,
misc,kl02,cache_dir/misc/kl02,cache_dir/misc/kl02/kl02.mps,cache_dir/misc/kl02/kl02.std,cache_dir/misc/kl02/kl02.data,1,1,1,,True,False,True,False,True,True,,,,,,,0.1,,,,,,,,,0.300635,0.29872674704529345,0.4007702930830419,,,36770,73398,,,,,,,,,,
misc,lpl1,cache_dir/misc/lpl1,cache_dir/misc/lpl1/lpl1.mps,cache_dir/misc/lpl1/lpl1.std,cache_dir/misc/lpl1/lpl1.data,1,1,1,,False,False,False,False,True,True,,,,,,,,,,,,,,,,47.041926,23.864356463076547,27.464713341090828,,,,,,,,,,,,,,
misc,nsct1,cache_dir/misc/nsct1,cache_dir/misc/nsct1/nsct1.mps,cache_dir/misc/nsct1/nsct1.std,cache_dir/misc/nsct1/nsct1.data,1,1,1,,True,False,True,False,True,True,,,,,,,0.1,,,,,,,,,2.923176,0.7977463759016246,1.0919740060344338,,,22901,37461,,,,,,,,,,
misc,nsct2,cache_dir/misc/nsct2,cache_dir/misc/nsct2/nsct2.mps,cache_dir/misc/nsct2/nsct2.std,cache_dir/misc/nsct2/nsct2.data,1,1,1,,True,False,True,False,True,True,,,,,,,0.1,,,,,,,,,3.019117,1.1046589971520007,1.2527206600643694,,,23003,37563,,,,,,,,,,
misc,nug15,cache_dir/misc/nug15,cache_dir/misc/nug15/nug15.mps,cache_dir/misc/nug15/nug15.std,cache_dir/misc/nug15/nug15.data,1,1,1,,True,True,True,True,False,False,1723079916.6041925,39242.954781070395,2078851136976204595200,2078851136976204595200,760082502018317440,760082502018317440,0.1,3649027798799728,170617186024,1.7553098121818505e-06,2.244719297851804e-07,2919222.2390397824,136.4937488192,,,376.836759,,,5698,16606,6330,22275,569699.9999999999,4454899.999999999,2078847487948405795472,760082331401131416,0.9999982446901878,0.9999997755280702,1663080909580.9636,608066001.614654,,
misc,nw14,cache_dir/misc/nw14,cache_dir/misc/nw14/nw14.mps,cache_dir/misc/nw14/nw14.std,cache_dir/misc/nw14/nw14.data,1,1,1,,False,False,False,False,True,True,,,,,,,,,,,,,,,,0.529684,1.1230771970003843,1.6362581842113286,,,,,,,,,,,,,,
misc,stat96v2,cache_dir/misc/stat96v2,cache_dir/misc/stat96v2/stat96v2.mps,cache_dir/misc/stat96v2/stat96v2.std,cache_dir/misc/stat96v2/stat96v2.data,1,1,1,,True,True,True,True,False,False,217430.2248271991,354.1738515889081,5294852652419480576,5294852652419480576,16906730040322258944,16906730040322258944,0.1,1820287628032,85957493096,3.4378437843784385e-07,5.084217521128738e-09,1456.2301024256,68.7659944768,,,337.268307,,,29089,954359,29089,983436,2908799.9999999995,196687099.99999997,5294850832131852544,16906729954364765848,0.9999996562156216,0.9999999949157825,4235882121.9355845,13525384032.257807,,
misc,stat96v3,cache_dir/misc/stat96v3,cache_dir/misc/stat96v3/stat96v3.mps,cache_dir/misc/stat96v3/stat96v3.std,cache_dir/misc/stat96v3/stat96v3.data,1,1,1,,True,True,True,True,False,False,250975.30004210235,382.299055386769,8368537543084798976,8368537543084798976,24948581482231001088,24948581482231001088,0.1,2472972087200,109039144360,2.955082742316785e-07,4.370554872534953e-09,1978.3776697600001,87.231315488,,,328.235511,,,33841,1110191,33841,1144020,3383999.9999999995,228803899.99999997,8368535070112711776,24948581373191856728,0.9999997044917258,0.9999999956294451,6694830034.467839,19958865185.7848,,
misc,stat96v4,cache_dir/misc/stat96v4,cache_dir/misc/stat96v4/stat96v4.mps,cache_dir/misc/stat96v4/stat96v4.std,cache_dir/misc/stat96v4/stat96v4.data,1,1,1,,True,False,True,False,True,True,,,,,,,0.1,,,,,,,,,70.266999,37.85481661907397,32.52041216799989,,,65381,125287,,,,,,,,,,
netlib,cre-d,cache_dir/netlib/cre-d,cache_dir/netlib/cre-d/cre-d.mps,cache_dir/netlib/cre-d/cre-d.std,cache_dir/netlib/cre-d/cre-d.data,1,1,1,,True,False,True,False,True,True,,,,,,,0.1,,,,,,,,,5.806964,0.586931254947558,0.6507004839368165,,,6476,73948,,,,,,,,,,
netlib,ken-13,cache_dir/netlib/ken-13,cache_dir/netlib/ken-13/ken-13.mps,cache_dir/netlib/ken-13/ken-13.std,cache_dir/netlib/ken-13/ken-13.data,1,1,1,,True,False,True,False,True,True,,,,,,,0.1,,,,,,,,,31.963332,0.7485414231196046,0.8427380390930921,,,71291,85318,,,,,,,,,,
netlib,ken-18,cache_dir/netlib/ken-18,cache_dir/netlib/ken-18/ken-18.mps,cache_dir/netlib/ken-18/ken-18.std,cache_dir/netlib/ken-18/ken-18.data,1,1,1,,False,False,False,False,True,True,,,,,,,,,,,,,,,,65.474501,7.685568276094273,8.00046875118278,,,,,,,,,,,,,,
netlib,pds-10,cache_dir/netlib/pds-10,cache_dir/netlib/pds-10/pds-10.mps,cache_dir/netlib/pds-10/pds-10.std,cache_dir/netlib/pds-10/pds-10.data,1,1,1,,True,False,True,False,True,True,,,,,,,0.1,,,,,,,,,7.624421,0.5710359348449856,1.2972210308071226,,,32706,66080,,,,,,,,,,
netlib,pds-20,cache_dir/netlib/pds-20,cache_dir/netlib/pds-20/pds-20.mps,cache_dir/netlib/pds-20/pds-20.std,cache_dir/netlib/pds-20/pds-20.data,1,1,1,,True,False,True,False,True,True,,,,,,,0.1,,,,,,,,,60.027063,1.5506370160728693,11.577075944980606,,,68686,143063,,,,,,,,,,
netlib,qap15,cache_dir/netlib/qap15,cache_dir/netlib/qap15/qap15.mps,cache_dir/netlib/qap15/qap15.std,cache_dir/netlib/qap15/qap15.data,1,1,1,,True,True,True,True,False,False,110563011.15810053,21120.78519665384,122149136787813449728,122149136787813449728,398006321937444736,398006321937444736,0.1,214409578353192,89341247152,1.7553098121818505e-06,2.244719297851804e-07,171527.6626825536,71.47299772160001,,,333.918714,,,5698,16606,6330,22275,569699.9999999999,4454899.999999999,122148922378235096536,398006232596197584,0.9999982446901878,0.9999997755280702,97719309430.25076,318405057.5499558,,
stochlp,stormg2_1000,cache_dir/stochlp/stormg2_1000,cache_dir/stochlp/stormg2_1000/stormg2_1000.mps,cache_dir/stochlp/stormg2_1000/stormg2_1000.std,cache_dir/stochlp/stormg2_1000/stormg2_1000.data,1,1,1,,False,False,False,False,True,True,,,,,,,,,,,,,,,,58.310558,38.65861713793129,40.453667253954336,,,,,,,,,,,,,,
vertex_cover,C1000.9_vc,cache_dir/vertex_cover/C1000.9_vc,cache_dir/vertex_cover/C1000.9_vc/C1000.9_vc.mps,cache_dir/vertex_cover/C1000.9_vc/C1000.9_vc.std,cache_dir/vertex_cover/C1000.9_vc/C1000.9_vc.data,1,1,1,,False,False,False,False,True,True,,,,,,,,,,,,,,,,37.278538,2.4409627278801054,3.854093590984121,,,,,,,,,,,,,,
vertex_cover,C2000.5_vc,cache_dir/vertex_cover/C2000.5_vc,cache_dir/vertex_cover/C2000.5_vc/C2000.5_vc.mps,cache_dir/vertex_cover/C2000.5_vc/C2000.5_vc.std,cache_dir/vertex_cover/C2000.5_vc/C2000.5_vc.data,1,1,1,,False,False,False,False,True,True,,,,,,,,,,,,,,,,72.592549,8.639725785935298,11.845441352808848,,,,,,,,,,,,,,
vertex_cover,C2000.9_vc,cache_dir/vertex_cover/C2000.9_vc,cache_dir/vertex_cover/C2000.9_vc/C2000.9_vc.mps,cache_dir/vertex_cover/C2000.9_vc/C2000.9_vc.std,cache_dir/vertex_cover/C2000.9_vc/C2000.9_vc.data,1,1,1,,False,False,False,False,True,True,,,,,,,,,,,,,,,,59.956179,18.73602486215532,22.182736608199775,,,,,,,,,,,,,,
vertex_cover,C4000.5_vc,cache_dir/vertex_cover/C4000.5_vc,cache_dir/vertex_cover/C4000.5_vc/C4000.5_vc.mps,cache_dir/vertex_cover/C4000.5_vc/C4000.5_vc.std,cache_dir/vertex_cover/C4000.5_vc/C4000.5_vc.data,1,1,1,,False,False,False,False,True,True,,,,,,,,,,,,,,,,50.911137,44.41865721694194,55.8392803738825,,,,,,,,,,,,,,
vertex_cover,C500.9_vc,cache_dir/vertex_cover/C500.9_vc,cache_dir/vertex_cover/C500.9_vc/C500.9_vc.mps,cache_dir/vertex_cover/C500.9_vc/C500.9_vc.std,cache_dir/vertex_cover/C500.9_vc/C500.9_vc.data,1,1,1,,False,False,False,False,True,True,,,,,,,,,,,,,,,,5.512087,0.362731572939083,0.6579903850797564,,,,,,,,,,,,,,
vertex_cover,DSJC1000.5_vc,cache_dir/vertex_cover/DSJC1000.5_vc,cache_dir/vertex_cover/DSJC1000.5_vc/DSJC1000.5_vc.mps,cache_dir/vertex_cover/DSJC1000.5_vc/DSJC1000.5_vc.std,cache_dir/vertex_cover/DSJC1000.5_vc/DSJC1000.5_vc.data,1,1,1,,False,False,False,False,True,True,,,,,,,,,,,,,,,,28.721665,1.2030726710800081,1.906776366988197,,,,,,,,,,,,,,
vertex_cover,MANN_a45_vc,cache_dir/vertex_cover/MANN_a45_vc,cache_dir/vertex_cover/MANN_a45_vc/MANN_a45_vc.mps,cache_dir/vertex_cover/MANN_a45_vc/MANN_a45_vc.std,cache_dir/vertex_cover/MANN_a45_vc/MANN_a45_vc.data,1,1,1,,False,False,False,False,True,True,,,,,,,,,,,,,,,,48.770652,2.834450759924948,4.401194534031674,,,,,,,,,,,,,,
vertex_cover,MANN_a81_vc,cache_dir/vertex_cover/MANN_a81_vc,cache_dir/vertex_cover/MANN_a81_vc/MANN_a81_vc.mps,cache_dir/vertex_cover/MANN_a81_vc/MANN_a81_vc.std,cache_dir/vertex_cover/MANN_a81_vc/MANN_a81_vc.data,1,1,1,,False,False,False,False,True,True,,,,,,,,,,,,,,,,62.240417,52.98925581900403,65.61626474605873,,,,,,,,,,,,,,
vertex_cover,brock800_2_vc,cache_dir/vertex_cover/brock800_2_vc,cache_dir/vertex_cover/brock800_2_vc/brock800_2_vc.mps,cache_dir/vertex_cover/brock800_2_vc/brock800_2_vc.std,cache_dir/vertex_cover/brock800_2_vc/brock800_2_vc.data,1,1,1,,False,False,False,False,True,True,,,,,,,,,,,,,,,,17.711515,0.8424774219747633,1.515547197079286,,,,,,,,,,,,,,
vertex_cover,brock800_4_vc,cache_dir/vertex_cover/brock800_4_vc,cache_dir/vertex_cover/brock800_4_vc/brock800_4_vc.mps,cache_dir/vertex_cover/brock800_4_vc/brock800_4_vc.std,cache_dir/vertex_cover/brock800_4_vc/brock800_4_vc.data,1,1,1,,False,False,False,False,True,True,,,,,,,,,,,,,,,,20.598254,0.8524012190755457,1.413732404820621,,,,,,,,,,,,,,
vertex_cover,erdos_renyi_450_1.0.dimac_vc,cache_dir/vertex_cover/erdos_renyi_450_1.0.dimac_vc,cache_dir/vertex_cover/erdos_renyi_450_1.0.dimac_vc/erdos_renyi_450_1.0.dimac_vc.mps,cache_dir/vertex_cover/erdos_renyi_450_1.0.dimac_vc/erdos_renyi_450_1.0.dimac_vc.std,cache_dir/vertex_cover/erdos_renyi_450_1.0.dimac_vc/erdos_renyi_450_1.0.dimac_vc.data,1,1,1,,False,False,False,False,True,True,,,,,,,,,,,,,,,,5.978556,0.2997209411114454,0.5383653480093926,,,,,,,,,,,,,,
vertex_cover,erdos_renyi_460_1.0.dimac_vc,cache_dir/vertex_cover/erdos_renyi_460_1.0.dimac_vc,cache_dir/vertex_cover/erdos_renyi_460_1.0.dimac_vc/erdos_renyi_460_1.0.dimac_vc.mps,cache_dir/vertex_cover/erdos_renyi_460_1.0.dimac_vc/erdos_renyi_460_1.0.dimac_vc.std,cache_dir/vertex_cover/erdos_renyi_460_1.0.dimac_vc/erdos_renyi_460_1.0.dimac_vc.data,1,1,1,,False,False,False,False,True,True,,,,,,,,,,,,,,,,6.131887,0.3124807011336088,0.5772035280242562,,,,,,,,,,,,,,
vertex_cover,erdos_renyi_470_1.0.dimac_vc,cache_dir/vertex_cover/erdos_renyi_470_1.0.dimac_vc,cache_dir/vertex_cover/erdos_renyi_470_1.0.dimac_vc/erdos_renyi_470_1.0.dimac_vc.mps,cache_dir/vertex_cover/erdos_renyi_470_1.0.dimac_vc/erdos_renyi_470_1.0.dimac_vc.std,cache_dir/vertex_cover/erdos_renyi_470_1.0.dimac_vc/erdos_renyi_470_1.0.dimac_vc.data,1,1,1,,False,False,False,False,True,True,,,,,,,,,,,,,,,,7.76748,0.3297828510403633,0.5994219959247857,,,,,,,,,,,,,,
vertex_cover,erdos_renyi_480_0.9.dimac_vc,cache_dir/vertex_cover/erdos_renyi_480_0.9.dimac_vc,cache_dir/vertex_cover/erdos_renyi_480_0.9.dimac_vc/erdos_renyi_480_0.9.dimac_vc.mps,cache_dir/vertex_cover/erdos_renyi_480_0.9.dimac_vc/erdos_renyi_480_0.9.dimac_vc.std,cache_dir/vertex_cover/erdos_renyi_480_0.9.dimac_vc/erdos_renyi_480_0.9.dimac_vc.data,1,1,1,,False,False,False,False,True,True,,,,,,,,,,,,,,,,6.073789,0.32346371305175126,0.6585544641129673,,,,,,,,,,,,,,
vertex_cover,erdos_renyi_480_1.0.dimac_vc,cache_dir/vertex_cover/erdos_renyi_480_1.0.dimac_vc,cache_dir/vertex_cover/erdos_renyi_480_1.0.dimac_vc/erdos_renyi_480_1.0.dimac_vc.mps,cache_dir/vertex_cover/erdos_renyi_480_1.0.dimac_vc/erdos_renyi_480_1.0.dimac_vc.std,cache_dir/vertex_cover/erdos_renyi_480_1.0.dimac_vc/erdos_renyi_480_1.0.dimac_vc.data,1,1,1,,False,False,False,False,True,True,,,,,,,,,,,,,,,,5.270043,0.3454873680602759,0.6173067018389702,,,,,,,,,,,,,,
vertex_cover,erdos_renyi_490_0.9.dimac_vc,cache_dir/vertex_cover/erdos_renyi_490_0.9.dimac_vc,cache_dir/vertex_cover/erdos_renyi_490_0.9.dimac_vc/erdos_renyi_490_0.9.dimac_vc.mps,cache_dir/vertex_cover/erdos_renyi_490_0.9.dimac_vc/erdos_renyi_490_0.9.dimac_vc.std,cache_dir/vertex_cover/erdos_renyi_490_0.9.dimac_vc/erdos_renyi_490_0.9.dimac_vc.data,1,1,1,,False,False,False,False,True,True,,,,,,,,,,,,,,,,5.229785,0.3906679800711572,0.6271395289804786,,,,,,,,,,,,,,
vertex_cover,erdos_renyi_490_1.0.dimac_vc,cache_dir/vertex_cover/erdos_renyi_490_1.0.dimac_vc,cache_dir/vertex_cover/erdos_renyi_490_1.0.dimac_vc/erdos_renyi_490_1.0.dimac_vc.mps,cache_dir/vertex_cover/erdos_renyi_490_1.0.dimac_vc/erdos_renyi_490_1.0.dimac_vc.std,cache_dir/vertex_cover/erdos_renyi_490_1.0.dimac_vc/erdos_renyi_490_1.0.dimac_vc.data,1,1,1,,False,False,False,False,True,True,,,,,,,,,,,,,,,,5.397023,0.3438180359080434,0.6665798739995807,,,,,,,,,,,,,,
vertex_cover,erdos_renyi_500_0.8.dimac_vc,cache_dir/vertex_cover/erdos_renyi_500_0.8.dimac_vc,cache_dir/vertex_cover/erdos_renyi_500_0.8.dimac_vc/erdos_renyi_500_0.8.dimac_vc.mps,cache_dir/vertex_cover/erdos_renyi_500_0.8.dimac_vc/erdos_renyi_500_0.8.dimac_vc.std,cache_dir/vertex_cover/erdos_renyi_500_0.8.dimac_vc/erdos_renyi_500_0.8.dimac_vc.data,1,1,1,,False,False,False,False,True,True,,,,,,,,,,,,,,,,6.262581,0.3190653088968247,0.6090808680746704,,,,,,,,,,,,,,
vertex_cover,erdos_renyi_500_0.9.dimac_vc,cache_dir/vertex_cover/erdos_renyi_500_0.9.dimac_vc,cache_dir/vertex_cover/erdos_renyi_500_0.9.dimac_vc/erdos_renyi_500_0.9.dimac_vc.mps,cache_dir/vertex_cover/erdos_renyi_500_0.9.dimac_vc/erdos_renyi_500_0.9.dimac_vc.std,cache_dir/vertex_cover/erdos_renyi_500_0.9.dimac_vc/erdos_renyi_500_0.9.dimac_vc.data,1,1,1,,False,False,False,False,True,True,,,,,,,,,,,,,,,,5.566827,0.3634141660295427,0.6714470470324159,,,,,,,,,,,,,,
vertex_cover,erdos_renyi_500_1.0.dimac_vc,cache_dir/vertex_cover/erdos_renyi_500_1.0.dimac_vc,cache_dir/vertex_cover/erdos_renyi_500_1.0.dimac_vc/erdos_renyi_500_1.0.dimac_vc.mps,cache_dir/vertex_cover/erdos_renyi_500_1.0.dimac_vc/erdos_renyi_500_1.0.dimac_vc.std,cache_dir/vertex_cover/erdos_renyi_500_1.0.dimac_vc/erdos_renyi_500_1.0.dimac_vc.data,1,1,1,,False,False,False,False,True,True,,,,,,,,,,,,,,,,6.775309,0.3827238059602678,0.6861336808651686,,,,,,,,,,,,,,
vertex_cover,erdos_renyi_510_0.8.dimac_vc,cache_dir/vertex_cover/erdos_renyi_510_0.8.dimac_vc,cache_dir/vertex_cover/erdos_renyi_510_0.8.dimac_vc/erdos_renyi_510_0.8.dimac_vc.mps,cache_dir/vertex_cover/erdos_renyi_510_0.8.dimac_vc/erdos_renyi_510_0.8.dimac_vc.std,cache_dir/vertex_cover/erdos_renyi_510_0.8.dimac_vc/erdos_renyi_510_0.8.dimac_vc.data,1,1,1,,False,False,False,False,True,True,,,,,,,,,,,,,,,,5.477416,0.36976760998368263,0.6870775609277189,,,,,,,,,,,,,,
vertex_cover,erdos_renyi_510_0.9.dimac_vc,cache_dir/vertex_cover/erdos_renyi_510_0.9.dimac_vc,cache_dir/vertex_cover/erdos_renyi_510_0.9.dimac_vc/erdos_renyi_510_0.9.dimac_vc.mps,cache_dir/vertex_cover/erdos_renyi_510_0.9.dimac_vc/erdos_renyi_510_0.9.dimac_vc.std,cache_dir/vertex_cover/erdos_renyi_510_0.9.dimac_vc/erdos_renyi_510_0.9.dimac_vc.data,1,1,1,,False,False,False,False,True,True,,,,,,,,,,,,,,,,5.931041,0.39629530091769993,0.6944569828920066,,,,,,,,,,,,,,
vertex_cover,erdos_renyi_510_1.0.dimac_vc,cache_dir/vertex_cover/erdos_renyi_510_1.0.dimac_vc,cache_dir/vertex_cover/erdos_renyi_510_1.0.dimac_vc/erdos_renyi_510_1.0.dimac_vc.mps,cache_dir/vertex_cover/erdos_renyi_510_1.0.dimac_vc/erdos_renyi_510_1.0.dimac_vc.std,cache_dir/vertex_cover/erdos_renyi_510_1.0.dimac_vc/erdos_renyi_510_1.0.dimac_vc.data,1,1,1,,False,False,False,False,True,True,,,,,,,,,,,,,,,,6.112376,0.37887985398992896,0.7042439810466021,,,,,,,,,,,,,,
vertex_cover,erdos_renyi_520_0.8.dimac_vc,cache_dir/vertex_cover/erdos_renyi_520_0.8.dimac_vc,cache_dir/vertex_cover/erdos_renyi_520_0.8.dimac_vc/erdos_renyi_520_0.8.dimac_vc.mps,cache_dir/vertex_cover/erdos_renyi_520_0.8.dimac_vc/erdos_renyi_520_0.8.dimac_vc.std,cache_dir/vertex_cover/erdos_renyi_520_0.8.dimac_vc/erdos_renyi_520_0.8.dimac_vc.data,1,1,1,,False,False,False,False,True,True,,,,,,,,,,,,,,,,5.895269,0.47139754379168153,0.6504192219581455,,,,,,,,,,,,,,
vertex_cover,erdos_renyi_520_0.9.dimac_vc,cache_dir/vertex_cover/erdos_renyi_520_0.9.dimac_vc,cache_dir/vertex_cover/erdos_renyi_520_0.9.dimac_vc/erdos_renyi_520_0.9.dimac_vc.mps,cache_dir/vertex_cover/erdos_renyi_520_0.9.dimac_vc/erdos_renyi_520_0.9.dimac_vc.std,cache_dir/vertex_cover/erdos_renyi_520_0.9.dimac_vc/erdos_renyi_520_0.9.dimac_vc.data,1,1,1,,False,False,False,False,True,True,,,,,,,,,,,,,,,,7.404398,0.39693778404034674,0.722856483887881,,,,,,,,,,,,,,
vertex_cover,erdos_renyi_520_1.0.dimac_vc,cache_dir/vertex_cover/erdos_renyi_520_1.0.dimac_vc,cache_dir/vertex_cover/erdos_renyi_520_1.0.dimac_vc/erdos_renyi_520_1.0.dimac_vc.mps,cache_dir/vertex_cover/erdos_renyi_520_1.0.dimac_vc/erdos_renyi_520_1.0.dimac_vc.std,cache_dir/vertex_cover/erdos_renyi_520_1.0.dimac_vc/erdos_renyi_520_1.0.dimac_vc.data,1,1,1,,False,False,False,False,True,True,,,,,,,,,,,,,,,,9.604715,0.410076609114185,0.7642071321606636,,,,,,,,,,,,,,
vertex_cover,erdos_renyi_530_0.8.dimac_vc,cache_dir/vertex_cover/erdos_renyi_530_0.8.dimac_vc,cache_dir/vertex_cover/erdos_renyi_530_0.8.dimac_vc/erdos_renyi_530_0.8.dimac_vc.mps,cache_dir/vertex_cover/erdos_renyi_530_0.8.dimac_vc/erdos_renyi_530_0.8.dimac_vc.std,cache_dir/vertex_cover/erdos_renyi_530_0.8.dimac_vc/erdos_renyi_530_0.8.dimac_vc.data,1,1,1,,False,False,False,False,True,True,,,,,,,,,,,,,,,,6.429989,0.49255688302218914,0.667886057170108,,,,,,,,,,,,,,
vertex_cover,erdos_renyi_530_0.9.dimac_vc,cache_dir/vertex_cover/erdos_renyi_530_0.9.dimac_vc,cache_dir/vertex_cover/erdos_renyi_530_0.9.dimac_vc/erdos_renyi_530_0.9.dimac_vc.mps,cache_dir/vertex_cover/erdos_renyi_530_0.9.dimac_vc/erdos_renyi_530_0.9.dimac_vc.std,cache_dir/vertex_cover/erdos_renyi_530_0.9.dimac_vc/erdos_renyi_530_0.9.dimac_vc.data,1,1,1,,False,False,False,False,True,True,,,,,,,,,,,,,,,,9.318063,0.444953071186319,0.7993533900007606,,,,,,,,,,,,,,
vertex_cover,erdos_renyi_530_1.0.dimac_vc,cache_dir/vertex_cover/erdos_renyi_530_1.0.dimac_vc,cache_dir/vertex_cover/erdos_renyi_530_1.0.dimac_vc/erdos_renyi_530_1.0.dimac_vc.mps,cache_dir/vertex_cover/erdos_renyi_530_1.0.dimac_vc/erdos_renyi_530_1.0.dimac_vc.std,cache_dir/vertex_cover/erdos_renyi_530_1.0.dimac_vc/erdos_renyi_530_1.0.dimac_vc.data,1,1,1,,False,False,False,False,True,True,,,,,,,,,,,,,,,,6.965667,0.4497168029192835,0.7887142749968916,,,,,,,,,,,,,,
vertex_cover,erdos_renyi_540_0.7.dimac_vc,cache_dir/vertex_cover/erdos_renyi_540_0.7.dimac_vc,cache_dir/vertex_cover/erdos_renyi_540_0.7.dimac_vc/erdos_renyi_540_0.7.dimac_vc.mps,cache_dir/vertex_cover/erdos_renyi_540_0.7.dimac_vc/erdos_renyi_540_0.7.dimac_vc.std,cache_dir/vertex_cover/erdos_renyi_540_0.7.dimac_vc/erdos_renyi_540_0.7.dimac_vc.data,1,1,1,,False,False,False,False,True,True,,,,,,,,,,,,,,,,7.711744,0.347132425988093,0.6790601059328765,,,,,,,,,,,,,,
vertex_cover,erdos_renyi_540_0.8.dimac_vc,cache_dir/vertex_cover/erdos_renyi_540_0.8.dimac_vc,cache_dir/vertex_cover/erdos_renyi_540_0.8.dimac_vc/erdos_renyi_540_0.8.dimac_vc.mps,cache_dir/vertex_cover/erdos_renyi_540_0.8.dimac_vc/erdos_renyi_540_0.8.dimac_vc.std,cache_dir/vertex_cover/erdos_renyi_540_0.8.dimac_vc/erdos_renyi_540_0.8.dimac_vc.data,1,1,1,,False,False,False,False,True,True,,,,,,,,,,,,,,,,6.481968,0.41395897790789604,0.7465939840767533,,,,,,,,,,,,,,
vertex_cover,erdos_renyi_540_0.9.dimac_vc,cache_dir/vertex_cover/erdos_renyi_540_0.9.dimac_vc,cache_dir/vertex_cover/erdos_renyi_540_0.9.dimac_vc/erdos_renyi_540_0.9.dimac_vc.mps,cache_dir/vertex_cover/erdos_renyi_540_0.9.dimac_vc/erdos_renyi_540_0.9.dimac_vc.std,cache_dir/vertex_cover/erdos_renyi_540_0.9.dimac_vc/erdos_renyi_540_0.9.dimac_vc.data,1,1,1,,False,False,False,False,True,True,,,,,,,,,,,,,,,,8.300872,0.44882480311207473,0.7651729171629995,,,,,,,,,,,,,,
vertex_cover,erdos_renyi_540_1.0.dimac_vc,cache_dir/vertex_cover/erdos_renyi_540_1.0.dimac_vc,cache_dir/vertex_cover/erdos_renyi_540_1.0.dimac_vc/erdos_renyi_540_1.0.dimac_vc.mps,cache_dir/vertex_cover/erdos_renyi_540_1.0.dimac_vc/erdos_renyi_540_1.0.dimac_vc.std,cache_dir/vertex_cover/erdos_renyi_540_1.0.dimac_vc/erdos_renyi_540_1.0.dimac_vc.data,1,1,1,,False,False,False,False,True,True,,,,,,,,,,,,,,,,9.730802,0.4743752309586853,0.8345502589363605,,,,,,,,,,,,,,
vertex_cover,erdos_renyi_550_0.7.dimac_vc,cache_dir/vertex_cover/erdos_renyi_550_0.7.dimac_vc,cache_dir/vertex_cover/erdos_renyi_550_0.7.dimac_vc/erdos_renyi_550_0.7.dimac_vc.mps,cache_dir/vertex_cover/erdos_renyi_550_0.7.dimac_vc/erdos_renyi_550_0.7.dimac_vc.std,cache_dir/vertex_cover/erdos_renyi_550_0.7.dimac_vc/erdos_renyi_550_0.7.dimac_vc.data,1,1,1,,False,False,False,False,True,True,,,,,,,,,,,,,,,,6.131243,0.4566147949080914,0.6704867722000927,,,,,,,,,,,,,,
vertex_cover,erdos_renyi_550_0.8.dimac_vc,cache_dir/vertex_cover/erdos_renyi_550_0.8.dimac_vc,cache_dir/vertex_cover/erdos_renyi_550_0.8.dimac_vc/erdos_renyi_550_0.8.dimac_vc.mps,cache_dir/vertex_cover/erdos_renyi_550_0.8.dimac_vc/erdos_renyi_550_0.8.dimac_vc.std,cache_dir/vertex_cover/erdos_renyi_550_0.8.dimac_vc/erdos_renyi_550_0.8.dimac_vc.data,1,1,1,,False,False,False,False,True,True,,,,,,,,,,,,,,,,9.520443,0.48366832500323653,0.8183016718830913,,,,,,,,,,,,,,
vertex_cover,erdos_renyi_550_0.9.dimac_vc,cache_dir/vertex_cover/erdos_renyi_550_0.9.dimac_vc,cache_dir/vertex_cover/erdos_renyi_550_0.9.dimac_vc/erdos_renyi_550_0.9.dimac_vc.mps,cache_dir/vertex_cover/erdos_renyi_550_0.9.dimac_vc/erdos_renyi_550_0.9.dimac_vc.std,cache_dir/vertex_cover/erdos_renyi_550_0.9.dimac_vc/erdos_renyi_550_0.9.dimac_vc.data,1,1,1,,False,False,False,False,True,True,,,,,,,,,,,,,,,,7.480283,0.44607947999611497,0.8621277119964361,,,,,,,,,,,,,,
vertex_cover,erdos_renyi_550_1.0.dimac_vc,cache_dir/vertex_cover/erdos_renyi_550_1.0.dimac_vc,cache_dir/vertex_cover/erdos_renyi_550_1.0.dimac_vc/erdos_renyi_550_1.0.dimac_vc.mps,cache_dir/vertex_cover/erdos_renyi_550_1.0.dimac_vc/erdos_renyi_550_1.0.dimac_vc.std,cache_dir/vertex_cover/erdos_renyi_550_1.0.dimac_vc/erdos_renyi_550_1.0.dimac_vc.data,1,1,1,,False,False,False,False,True,True,,,,,,,,,,,,,,,,9.869119,0.488624945981428,0.8655017700511962,,,,,,,,,,,,,,
vertex_cover,erdos_renyi_560_0.7.dimac_vc,cache_dir/vertex_cover/erdos_renyi_560_0.7.dimac_vc,cache_dir/vertex_cover/erdos_renyi_560_0.7.dimac_vc/erdos_renyi_560_0.7.dimac_vc.mps,cache_dir/vertex_cover/erdos_renyi_560_0.7.dimac_vc/erdos_renyi_560_0.7.dimac_vc.std,cache_dir/vertex_cover/erdos_renyi_560_0.7.dimac_vc/erdos_renyi_560_0.7.dimac_vc.data,1,1,1,,False,False,False,False,True,True,,,,,,,,,,,,,,,,9.474915,0.4276162381283939,0.6227932369802147,,,,,,,,,,,,,,
vertex_cover,erdos_renyi_560_0.8.dimac_vc,cache_dir/vertex_cover/erdos_renyi_560_0.8.dimac_vc,cache_dir/vertex_cover/erdos_renyi_560_0.8.dimac_vc/erdos_renyi_560_0.8.dimac_vc.mps,cache_dir/vertex_cover/erdos_renyi_560_0.8.dimac_vc/erdos_renyi_560_0.8.dimac_vc.std,cache_dir/vertex_cover/erdos_renyi_560_0.8.dimac_vc/erdos_renyi_560_0.8.dimac_vc.data,1,1,1,,False,False,False,False,True,True,,,,,,,,,,,,,,,,9.357258,0.4265439719893038,0.7492372710257769,,,,,,,,,,,,,,
vertex_cover,erdos_renyi_560_0.9.dimac_vc,cache_dir/vertex_cover/erdos_renyi_560_0.9.dimac_vc,cache_dir/vertex_cover/erdos_renyi_560_0.9.dimac_vc/erdos_renyi_560_0.9.dimac_vc.mps,cache_dir/vertex_cover/erdos_renyi_560_0.9.dimac_vc/erdos_renyi_560_0.9.dimac_vc.std,cache_dir/vertex_cover/erdos_renyi_560_0.9.dimac_vc/erdos_renyi_560_0.9.dimac_vc.data,1,1,1,,False,False,False,False,True,True,,,,,,,,,,,,,,,,7.687766,0.4860271359793842,0.8834721290040761,,,,,,,,,,,,,,
vertex_cover,erdos_renyi_560_1.0.dimac_vc,cache_dir/vertex_cover/erdos_renyi_560_1.0.dimac_vc,cache_dir/vertex_cover/erdos_renyi_560_1.0.dimac_vc/erdos_renyi_560_1.0.dimac_vc.mps,cache_dir/vertex_cover/erdos_renyi_560_1.0.dimac_vc/erdos_renyi_560_1.0.dimac_vc.std,cache_dir/vertex_cover/erdos_renyi_560_1.0.dimac_vc/erdos_renyi_560_1.0.dimac_vc.data,1,1,1,,False,False,False,False,True,True,,,,,,,,,,,,,,,,10.339493,0.5316073009744287,0.9109231110196561,,,,,,,,,,,,,,
vertex_cover,erdos_renyi_570_0.7.dimac_vc,cache_dir/vertex_cover/erdos_renyi_570_0.7.dimac_vc,cache_dir/vertex_cover/erdos_renyi_570_0.7.dimac_vc/erdos_renyi_570_0.7.dimac_vc.mps,cache_dir/vertex_cover/erdos_renyi_570_0.7.dimac_vc/erdos_renyi_570_0.7.dimac_vc.std,cache_dir/vertex_cover/erdos_renyi_570_0.7.dimac_vc/erdos_renyi_570_0.7.dimac_vc.data,1,1,1,,False,False,False,False,True,True,,,,,,,,,,,,,,,,9.649296,0.44958098186179996,0.6892894660122693,,,,,,,,,,,,,,
vertex_cover,erdos_renyi_570_0.8.dimac_vc,cache_dir/vertex_cover/erdos_renyi_570_0.8.dimac_vc,cache_dir/vertex_cover/erdos_renyi_570_0.8.dimac_vc/erdos_renyi_570_0.8.dimac_vc.mps,cache_dir/vertex_cover/erdos_renyi_570_0.8.dimac_vc/erdos_renyi_570_0.8.dimac_vc.std,cache_dir/vertex_cover/erdos_renyi_570_0.8.dimac_vc/erdos_renyi_570_0.8.dimac_vc.data,1,1,1,,False,False,False,False,True,True,,,,,,,,,,,,,,,,7.648491,0.46166258095763624,0.8332870039157569,,,,,,,,,,,,,,
vertex_cover,erdos_renyi_570_0.9.dimac_vc,cache_dir/vertex_cover/erdos_renyi_570_0.9.dimac_vc,cache_dir/vertex_cover/erdos_renyi_570_0.9.dimac_vc/erdos_renyi_570_0.9.dimac_vc.mps,cache_dir/vertex_cover/erdos_renyi_570_0.9.dimac_vc/erdos_renyi_570_0.9.dimac_vc.std,cache_dir/vertex_cover/erdos_renyi_570_0.9.dimac_vc/erdos_renyi_570_0.9.dimac_vc.data,1,1,1,,False,False,False,False,True,True,,,,,,,,,,,,,,,,10.51911,0.5021103289909661,0.8962747168261558,,,,,,,,,,,,,,
vertex_cover,erdos_renyi_570_1.0.dimac_vc,cache_dir/vertex_cover/erdos_renyi_570_1.0.dimac_vc,cache_dir/vertex_cover/erdos_renyi_570_1.0.dimac_vc/erdos_renyi_570_1.0.dimac_vc.mps,cache_dir/vertex_cover/erdos_renyi_570_1.0.dimac_vc/erdos_renyi_570_1.0.dimac_vc.std,cache_dir/vertex_cover/erdos_renyi_570_1.0.dimac_vc/erdos_renyi_570_1.0.dimac_vc.data,1,1,1,,False,False,False,False,True,True,,,,,,,,,,,,,,,,8.978312,0.5624419879168272,0.9512781179510057,,,,,,,,,,,,,,
vertex_cover,erdos_renyi_580_0.6.dimac_vc,cache_dir/vertex_cover/erdos_renyi_580_0.6.dimac_vc,cache_dir/vertex_cover/erdos_renyi_580_0.6.dimac_vc/erdos_renyi_580_0.6.dimac_vc.mps,cache_dir/vertex_cover/erdos_renyi_580_0.6.dimac_vc/erdos_renyi_580_0.6.dimac_vc.std,cache_dir/vertex_cover/erdos_renyi_580_0.6.dimac_vc/erdos_renyi_580_0.6.dimac_vc.data,1,1,1,,False,False,False,False,True,True,,,,,,,,,,,,,,,,6.284028,0.3501927019096911,0.665743111167103,,,,,,,,,,,,,,
vertex_cover,erdos_renyi_580_0.7.dimac_vc,cache_dir/vertex_cover/erdos_renyi_580_0.7.dimac_vc,cache_dir/vertex_cover/erdos_renyi_580_0.7.dimac_vc/erdos_renyi_580_0.7.dimac_vc.mps,cache_dir/vertex_cover/erdos_renyi_580_0.7.dimac_vc/erdos_renyi_580_0.7.dimac_vc.std,cache_dir/vertex_cover/erdos_renyi_580_0.7.dimac_vc/erdos_renyi_580_0.7.dimac_vc.data,1,1,1,,False,False,False,False,True,True,,,,,,,,,,,,,,,,7.070175,0.5217746191192418,0.757452824851498,,,,,,,,,,,,,,
vertex_cover,erdos_renyi_580_0.8.dimac_vc,cache_dir/vertex_cover/erdos_renyi_580_0.8.dimac_vc,cache_dir/vertex_cover/erdos_renyi_580_0.8.dimac_vc/erdos_renyi_580_0.8.dimac_vc.mps,cache_dir/vertex_cover/erdos_renyi_580_0.8.dimac_vc/erdos_renyi_580_0.8.dimac_vc.std,cache_dir/vertex_cover/erdos_renyi_580_0.8.dimac_vc/erdos_renyi_580_0.8.dimac_vc.data,1,1,1,,False,False,False,False,True,True,,,,,,,,,,,,,,,,9.710475,0.49946155888028443,0.9137499700300395,,,,,,,,,,,,,,
vertex_cover,erdos_renyi_580_0.9.dimac_vc,cache_dir/vertex_cover/erdos_renyi_580_0.9.dimac_vc,cache_dir/vertex_cover/erdos_renyi_580_0.9.dimac_vc/erdos_renyi_580_0.9.dimac_vc.mps,cache_dir/vertex_cover/erdos_renyi_580_0.9.dimac_vc/erdos_renyi_580_0.9.dimac_vc.std,cache_dir/vertex_cover/erdos_renyi_580_0.9.dimac_vc/erdos_renyi_580_0.9.dimac_vc.data,1,1,1,,False,False,False,False,True,True,,,,,,,,,,,,,,,,10.856552,0.5054832978639752,0.9774548378773034,,,,,,,,,,,,,,
vertex_cover,erdos_renyi_580_1.0.dimac_vc,cache_dir/vertex_cover/erdos_renyi_580_1.0.dimac_vc,cache_dir/vertex_cover/erdos_renyi_580_1.0.dimac_vc/erdos_renyi_580_1.0.dimac_vc.mps,cache_dir/vertex_cover/erdos_renyi_580_1.0.dimac_vc/erdos_renyi_580_1.0.dimac_vc.std,cache_dir/vertex_cover/erdos_renyi_580_1.0.dimac_vc/erdos_renyi_580_1.0.dimac_vc.data,1,1,1,,False,False,False,False,True,True,,,,,,,,,,,,,,,,12.869072,0.575970992911607,1.024318058975041,,,,,,,,,,,,,,
vertex_cover,erdos_renyi_590_0.6.dimac_vc,cache_dir/vertex_cover/erdos_renyi_590_0.6.dimac_vc,cache_dir/vertex_cover/erdos_renyi_590_0.6.dimac_vc/erdos_renyi_590_0.6.dimac_vc.mps,cache_dir/vertex_cover/erdos_renyi_590_0.6.dimac_vc/erdos_renyi_590_0.6.dimac_vc.std,cache_dir/vertex_cover/erdos_renyi_590_0.6.dimac_vc/erdos_renyi_590_0.6.dimac_vc.data,1,1,1,,False,False,False,False,True,True,,,,,,,,,,,,,,,,6.580004,0.3803175918292254,0.6912760629784316,,,,,,,,,,,,,,
vertex_cover,erdos_renyi_590_0.7.dimac_vc,cache_dir/vertex_cover/erdos_renyi_590_0.7.dimac_vc,cache_dir/vertex_cover/erdos_renyi_590_0.7.dimac_vc/erdos_renyi_590_0.7.dimac_vc.mps,cache_dir/vertex_cover/erdos_renyi_590_0.7.dimac_vc/erdos_renyi_590_0.7.dimac_vc.std,cache_dir/vertex_cover/erdos_renyi_590_0.7.dimac_vc/erdos_renyi_590_0.7.dimac_vc.data,1,1,1,,False,False,False,False,True,True,,,,,,,,,,,,,,,,9.133996,0.4434912740252912,0.8340022079646587,,,,,,,,,,,,,,
vertex_cover,erdos_renyi_590_0.8.dimac_vc,cache_dir/vertex_cover/erdos_renyi_590_0.8.dimac_vc,cache_dir/vertex_cover/erdos_renyi_590_0.8.dimac_vc/erdos_renyi_590_0.8.dimac_vc.mps,cache_dir/vertex_cover/erdos_renyi_590_0.8.dimac_vc/erdos_renyi_590_0.8.dimac_vc.std,cache_dir/vertex_cover/erdos_renyi_590_0.8.dimac_vc/erdos_renyi_590_0.8.dimac_vc.data,1,1,1,,False,False,False,False,True,True,,,,,,,,,,,,,,,,8.430341,0.548257787944749,0.8295495600905269,,,,,,,,,,,,,,
vertex_cover,erdos_renyi_590_0.9.dimac_vc,cache_dir/vertex_cover/erdos_renyi_590_0.9.dimac_vc,cache_dir/vertex_cover/erdos_renyi_590_0.9.dimac_vc/erdos_renyi_590_0.9.dimac_vc.mps,cache_dir/vertex_cover/erdos_renyi_590_0.9.dimac_vc/erdos_renyi_590_0.9.dimac_vc.std,cache_dir/vertex_cover/erdos_renyi_590_0.9.dimac_vc/erdos_renyi_590_0.9.dimac_vc.data,1,1,1,,False,False,False,False,True,True,,,,,,,,,,,,,,,,11.484138,0.5290835539344698,1.0050486240070313,,,,,,,,,,,,,,
vertex_cover,erdos_renyi_590_1.0.dimac_vc,cache_dir/vertex_cover/erdos_renyi_590_1.0.dimac_vc,cache_dir/vertex_cover/erdos_renyi_590_1.0.dimac_vc/erdos_renyi_590_1.0.dimac_vc.mps,cache_dir/vertex_cover/erdos_renyi_590_1.0.dimac_vc/erdos_renyi_590_1.0.dimac_vc.std,cache_dir/vertex_cover/erdos_renyi_590_1.0.dimac_vc/erdos_renyi_590_1.0.dimac_vc.data,1,1,1,,False,False,False,False,True,True,,,,,,,,,,,,,,,,12.27657,0.6073648629244417,1.0418660179711878,,,,,,,,,,,,,,
vertex_cover,hamming10-4_vc,cache_dir/vertex_cover/hamming10-4_vc,cache_dir/vertex_cover/hamming10-4_vc/hamming10-4_vc.mps,cache_dir/vertex_cover/hamming10-4_vc/hamming10-4_vc.std,cache_dir/vertex_cover/hamming10-4_vc/hamming10-4_vc.data,1,1,1,,False,False,False,False,True,True,,,,,,,,,,,,,,,,47.368006,2.2611890798434615,3.7007685971911997,,,,,,,,,,,,,,
vertex_cover,keller5_vc,cache_dir/vertex_cover/keller5_vc,cache_dir/vertex_cover/keller5_vc/keller5_vc.mps,cache_dir/vertex_cover/keller5_vc/keller5_vc.std,cache_dir/vertex_cover/keller5_vc/keller5_vc.data,1,1,1,,False,False,False,False,True,True,,,,,,,,,,,,,,,,19.714127,0.9294062301050872,1.5560732109006494,,,,,,,,,,,,,,
vertex_cover,keller6_vc,cache_dir/vertex_cover/keller6_vc,cache_dir/vertex_cover/keller6_vc/keller6_vc.mps,cache_dir/vertex_cover/keller6_vc/keller6_vc.std,cache_dir/vertex_cover/keller6_vc/keller6_vc.data,1,1,1,,False,False,False,False,True,True,,,,,,,,,,,,,,,,51.649244,46.97883816296235,59.08858280512504,,,,,,,,,,,,,,
vertex_cover,p_hat1500-1_vc,cache_dir/vertex_cover/p_hat1500-1_vc,cache_dir/vertex_cover/p_hat1500-1_vc/p_hat1500-1_vc.mps,cache_dir/vertex_cover/p_hat1500-1_vc/p_hat1500-1_vc.std,cache_dir/vertex_cover/p_hat1500-1_vc/p_hat1500-1_vc.data,1,1,1,,False,False,False,False,True,True,,,,,,,,,,,,,,,,44.346042,1.427953677950427,2.2722948079463094,,,,,,,,,,,,,,
vertex_cover,p_hat1500-2_vc,cache_dir/vertex_cover/p_hat1500-2_vc,cache_dir/vertex_cover/p_hat1500-2_vc/p_hat1500-2_vc.mps,cache_dir/vertex_cover/p_hat1500-2_vc/p_hat1500-2_vc.std,cache_dir/vertex_cover/p_hat1500-2_vc/p_hat1500-2_vc.data,1,1,1,,False,False,False,False,True,True,,,,,,,,,,,,,,,,48.379207,3.6796321789734066,5.727272482123226,,,,,,,,,,,,,,
vertex_cover,p_hat1500-3_vc,cache_dir/vertex_cover/p_hat1500-3_vc,cache_dir/vertex_cover/p_hat1500-3_vc/p_hat1500-3_vc.mps,cache_dir/vertex_cover/p_hat1500-3_vc/p_hat1500-3_vc.std,cache_dir/vertex_cover/p_hat1500-3_vc/p_hat1500-3_vc.data,1,1,1,,False,False,False,False,True,True,,,,,,,,,,,,,,,,58.71856,6.836833570152521,9.720435691997409,,,,,,,,,,,,,,
vertex_cover,p_hat700-2_vc,cache_dir/vertex_cover/p_hat700-2_vc,cache_dir/vertex_cover/p_hat700-2_vc/p_hat700-2_vc.mps,cache_dir/vertex_cover/p_hat700-2_vc/p_hat700-2_vc.std,cache_dir/vertex_cover/p_hat700-2_vc/p_hat700-2_vc.data,1,1,1,,False,False,False,False,True,True,,,,,,,,,,,,,,,,10.622609,0.43358309497125447,0.8015220139641315,,,,,,,,,,,,,,
vertex_cover,p_hat700-3_vc,cache_dir/vertex_cover/p_hat700-3_vc,cache_dir/vertex_cover/p_hat700-3_vc/p_hat700-3_vc.mps,cache_dir/vertex_cover/p_hat700-3_vc/p_hat700-3_vc.std,cache_dir/vertex_cover/p_hat700-3_vc/p_hat700-3_vc.data,1,1,1,,False,False,False,False,True,True,,,,,,,,,,,,,,,,13.560126,0.7120190970599651,1.2211924220900983,,,,,,,,,,,,,,
